Rb;Istraživači;Predmet;NPP;Razred;Udžbenik;Lekcija;Negativni oblici ponašanja;Navedite šta;Univerzalne vrijednosti;Navedite šta;Partikularizacija vrijednosti;Sadržaji;Načini;Indikator 1;Aktivno učenje;Ne nudi se mogućnost diskusije;Indikator 2;Rješavanje problema;Puko pamćenje činjenica;Indikator 3;Mutiperspektivni pristup;Pristup jedne perspektive;Indikator 4 ;Diferencirani prikazi;Stereotipni prikazi
1;NI/ZS;Vjeronauka;B;6;V10;Uvod;Ne;;Da;solidarnost, odgovornost ZS-5;Ne;;;0;;;0;;;0;;;0;;
2;NI/ZS;Vjeronauka;B;6;V10;Moje potrebe i težnje - Novi početak;Ne;;Da;sloboda, odgovornost NI-6-1, ZS-6;Da;pobožnost NI-6-2;redukcija;1;ZS-7-a, ZS-7-b ;;1;NI-7-2, NI-7-4, ZS-7-a, ZS-7-b ;NI-7-1;0;;;0;;
3;NI/ZS;Vjeronauka;B;6;V10;Svijetu se ne može ugoditi (Tjelesne i duševne potrebe);Ne;;Da;odgovornost NI-8-2, NI-9-1;Da;pobožnost NI-8-1, NI-9-2;redukcija;1;ZS-8-a, NI-8-4;;1;ZS-9-a;;0;;;0;;
4;NI/ZS;Vjeronauka;B;6;V10;Uči, čitaj! Voće života;Ne;;Da;život NI-11-1, odgovornost NI-12-2;Da;pobožnost NI-12-3;redukcija;2;;ZS-11, ZS-12-a, NI-14;2;ZS-13, ZS-14-b, NI-11-3;ZS-12-b, NI-11-2, NI-12-1, NI-12-4;0;;;2;;NI-10
5;NI/ZS;Vjeronauka;B;6;V10;Pišem i čitam arebicu - Tajna iz nanine sehare;Ne;;Ne;;Ne;;;2;ZS-17-c;ZS-17-a;2;;NI-17-1, NI-17-2, NI-17-3;2;;NI-15-2;2;;NI-16
6;NI/ZS;Vjeronauka;B;6;V10;Drugi i ja zajedno - Nagluhi čovjek;Da;neravnopravnost ZS-20-a;Da;mir NI-20-3, jednakost, solidarnost, saradnja ZS-20-b, odgovornost ZS-21-a;Ne;;;1;ZS-21-b, ZS-21-c, NI-21-1;;1;ZS-21-a, NI-20-2, NI-21-2;NI-20-1;0;;;0;;
7;NI/ZS;Vjeronauka;B;6;V10;Poštivanje i dobri odnosi - Okrutni lav i pametni zec;Ne;;Da;mir, jednakost ZS-22, ZS-23-c ZS-23-e, ZS-23-d, ZS-23-f, sloboda, saradnja ZS-24, NI-22, NI-23-4, NI-23-5, NI-23-6;Da;pobožnost ZS-23, NI-23-1;redukcija ZS-23-a, imputacija;1;NI-23-3, NI-25-2;ZS-25-a;2;ZS-25-b, ZS-25-c;NI-23-2, NI-25-1;0;;;1;ZS-24;
8;NI/ZS;Vjeronauka;B;6;V10;Čuje li onaj što se poziva - Trgovac i papagaj (Izgradnja pozitivnih osobina);Ne;;Da;solidarnost ZS-27-b, ZS-27-c, odgovornost NI-27-5;Da;pobožnost NI-27-6;redukcija;1;ZS-27-a, NI-29-2;;1;ZS-29-b, ZS-27-c, NI-27-2, NI-27-3 ;NI-27-1, NI-29-1;2;;NI-27-7, NI-27-4;2;ZS-28;NI-26-1, NI-28
9;NI/ZS;Vjeronauka;B;6;V10;Ljut sam, jako sam ljut (Kontrola ljutnje);Ne;;Da;odgovornost NI-30-3, saradnja NI-31-2;Da;pobožnost NI-31-2;redukcija;1;ZS-31-a, NI-32-2;;1;ZS-32-a, ZS-32-b, NI-32-1;;2;;NI-30-2;0;;
10;NI/ZS;Vjeronauka;B;6;V10;Rješavanje sukoba - Mačke i majmun;Ne;;Da;odgovornost ZS-34-a, NI-34, saradnja NI-36-1 ;Ne;;;1;ZS-35-c, ZS-36-a, NI-33-2, NI-33-4;;1;ZS-35-a, ZS-35-b, NI 33-3, NI-35-2;NI-33-1;0;;;0;;
11;NI/ZS;Vjeronauka;B;6;V10;Na nepravdu pravdom odgovori - Ne čini nasilje;Ne;;Da;jednakost, pravda ZS-37, mir ZS-38-a, NI-38-1, NI-38-2;Ne;;;1;ZS-39-a, ZS-39-b, ZS-39-d, NI-37-2, NI-37-3, NI-39-2;;1;ZS-39-c, NI-39-1;NI-37-1;0;;;1;ZS-38-b;
12;NI/ZS;Vjeronauka;B;6;V10;Osmijeh i ljubaznost su sadaka - Zaviri u moju dušu;Da;korupcija NI-41;Da;solidarnost NI-40-1 ;Da;pobožnost NI-40-2;redukcija ;1;ZS-43-b, ZS-43-d;;2;NI-43;ZS-42, ZS-43-a, NI-41-1;2;;NI-41-2;2;;ZS-42, ZS-41-a, NI-42
13;NI/ZS;Vjeronauka;B;6;V10;Težnja za srećom - Komadići sreće Car i košulja;Ne;;Da;solidarnost ZS-45-b, život;Ne;;;1;ZS-44, ZS-45-a, ZS-46-b, NI-44-1, NI-44-3, NI-45-2;NI-46-2;2;ZS-47;NI-44-2, NI-45-1, NI-45-3;0;;;2;;ZS-46-a
14;NI/ZS;Vjeronauka;B;6;V10;Strpljivost kao vrlina - Allah iskušava one koje voli;Ne;;Da;solidarnost ZS-48, odgovornost NI-50-9;Da;pobožnost NI-50-1, NI-50-4;;2;ZS-49-a;NI-50-7;2;NI-49-3, NI-50-6, NI-50-7;ZS-50, NI-49-1, NI-50-2, NI-50-5;2;;NI-50-3, NI-50-4;0;;
15;NI/ZS;Vjeronauka;B;6;V10;Moć praštanja - Kazivanje o onom koji je praštati znao Sura El-Asr;Ne;;Ne;;Ne;;;1;ZS-55-a, NI-54-3, NI-55-2;;2;NI-56-1, NI-56-2;ZS-54-a, ZS-56-a, NI-54-1, NI-54-2, NI-55-1;0;;;0;;
16;NI/ZS;Vjeronauka;B;6;V10;Izvršimo preuzete obaveze - Obećanje je dug Muhamedov emanet;Ne;;Da;odgovornost ZS-59, NI-58-3, NI-59;Da;pobožnost NI-58-4;;2;NI-64-4;ZS-61-b;2;NI-61-2, NI-61-4;ZS-58, ZS-61-a, NI-58-1, NI-58-2, NI-61-1, NI-61-3;0;;;0;;
17;NI/ZS;Vjeronauka;B;6;V10;Istraj i kad ti je teško - Allahova milost je neizmjerna;Ne;;Da;odgovornost NI-64-1;Ne;;;1;ZS-65-a, ZS-65-b, ZS-65-c, NI-64-2;ZS-64-a;1;ZS-64-b, NI 64-3, NI-65;NI-63;2;;;0;;
18;NI/ZS;Vjeronauka;B;6;V10;Fatima Ez-Zehra omiljena kćerka;Ne;;Ne;;Ne;;;2;;NI-67-4;2;;NI-66-1, NI-66-2, NI-67-2, NI-67-3, NI-67-5;2;;NI-67-1;0;;
19;NI/ZS;Vjeronauka;B;6;V10;Moji roditelji, moji uzori;Ne;;Ne;;Ne;;;2;ZS-70-a, NI-69-3;ZS-69-a, ZS-69-b, NI-69-5;2;NI-69-2;ZS-69-c, ZS-70-b, NI-69-1;0;;;2;;ZS-69-d, NI-69-4
20;NI/ZS;Vjeronauka;B;6;V10;Iz života Poslanika, a.s. Događaj koji je prethodio Hidžri;Ne;;Ne;;Ne;;;2;NI-73-4;ZS-73-a, ZS-73-b, NI-73-6;2;;ZS-73-c, NI-73-1, NI-73-2, NI-73-3;2;;NI-73-5;0;;
21;NI/ZS;Vjeronauka;B;6;V10;Hidžra - put ka uspjehu - Tale a-l-Bedru alejna;Ne;;Da;mir ZS-77-b, odgovornost NI-76-3;Da;pobožnost NI-77-1;redukcija;1;ZS-76-a;NI-77-3;2;;ZS-76-b, ZS-77-a, NI-76-1, NI-76-2, NI-77-2;2;;NI-75;0;;
22;NI/ZS;Vjeronauka;B;6;V10;Međusobno pomaganje muslimana;Ne;;Da;saradnja ZS-78, solidarnost ZS-79-a, NI-78-1, jednakost NI-78-2, odgovornost NI-78-3 ;Da;pobožnost NI-79-3;redukcija ;2;NI-80-3;NI-80-2;2;NI-79-2;ZS-80, NI-78-4, NI-78-5, NI-79-1, NI-80-1;0;;;0;;
23;NI/ZS;Vjeronauka;B;6;V10;Snaga zajedništva - Izgradnja Poslanikove džamije;Ne;;Ne;;Ne;;;1;ZS-83-c;;2;;ZS-82, ZS-83-b, NI-82-1, NI-82-2, NI-82-3, NI-83-1, NI-83-2;0;;;0;;
24;NI/ZS;Vjeronauka;B;6;V10;Poslanikova džamija nekad i sad;Ne;;Ne;;Ne;;;2;;NI-85-4, NI-86-4;2;;ZS-86, ZS-87;2;;NI-85;0;;
25;NI/ZS;Vjeronauka;B;6;V10;Vjerom do prosvijetljenosti i oplmenjenosti - Sura El-kafirun;Da;neravnopravnost NI-88-3;Da;sloboda ZS-88, NI-88-5, NI-89-3;Da;pobožnost NI-88-6;redukcija ZS-88, ZS-89-c;2;;ZS-89-a, NI-88-1, NI-89-1, NI-89-2, NI-89-4;1;ZS-89-b;;2;;NI-88-2, NI-88-4;2;;
26;NI/ZS;Vjeronauka;B;6;V10;Razvoj vjerovanja;Ne;;Ne;;Ne;;;2;;ZS-91-b, ZS-91-c, NI-90-1, NI-91-2;2;ZS-91-d;NI-90-3, NI-91-1, NI-91-3;2;;ZS-91-a, NI-90-2;0;;
27;NI/ZS;Vjeronauka;B;6;V10;Osobe koje poštujem;Ne;;Da;saradnja, jednakost ZS-92, ZS-93a, odgovornost NI-93-1;Ne;;;2;NI-93-6;ZS-93-c, NI-93-2;2;NI-93-5;ZS-93-b, NI-93-3, NI-93-4;2;;NI-92-1, NI-92-2;0;;
28;NI/ZS;Vjeronauka;B;6;V10;Stvoritelj nam se otkriva u svojim djelima;Ne;;Ne;;Ne;;;2;NI-95-3, NI-95-4;ZS-95;2;;ZS-96, NI-95-1, NI-95-2;0;;;0;;
29;NI/ZS;Vjeronauka;B;6;V10;Milost Božija;Ne;;Da;odgovornost NI-98-4;Da;pobožnost NI-98-1;mistifikacija;2;;NI-98-2, NI-98-3;2;;ZS-98, NI-98-1;0;;;0;;
30;NI/ZS;Vjeronauka;B;6;V10;Posljedice mojih djela - Sura El-Maun;Ne;;Da;odgovornost ZS-99, NI-99-2;Ne;;;2;NI-100-2;ZS-100, NI-101-1, NI-101-2 ;2;;NI-100-1;0;;;0;;
31;NI/ZS;Vjeronauka;B;6;V10;Pravednost Božija;Ne;;Da;jednakost ZS-102, NI-103-4;Da;pobožnost NI-103-3, NI-103-5;mistifikacija ZS-102, redukcija;2;ZS-103-b, NI-103-4;ZS-103-a, NI-103-2;1; ZS-103-c, NI-103-7 ;NI-103-1;0;;;0;;
32;NI/ZS;Vjeronauka;B;6;V10;Različiti oblici molitve;Da;neravnopravnost NI-104;Ne;;Ne;;;2;NI-105-3;ZS-106-c, ZS-106-e, NI-105-5, NI-106-3;2;;ZS-106-d, NI-105-1, NI-105-2, NI-105-4, NI-106-1, NI-106-2;1;;ZS-104, ZS-105-b;1;;ZS-105-a
33;NI/ZS;Vjeronauka;B;6;V10;Prilike u kojima se obraćam Bogu;Da;neravnopravnost NI-109-1;Ne;;Ne;;;2;;ZS-109, NI-109-2;2;;ZS-108, NI-108-1, NI-108-2, NI-109-4;2;;NI-108-3;2;;NI-108-4, NI-109-3
34;NI/ZS;Vjeronauka;B;6;V10;Allah kojeg moje srce voli - Namaz - doživljaj izuzetne vrijednosti;Ne;;Ne;;Ne;;;2;;ZS-110, NI-111-2, NI-111-3;2;;ZS-112, NI-110, NI-111-1, NI-112-1;2;;NI-112-2;0;;
35;NI/ZS;Vjeronauka;B;6;V10;Mjesta hvaljenja i slavljenja Stvoritelja;Ne;;Ne;;Ne;;;0;;;2;;ZS-115, ZS-116a, NI-115;0;;;0;;
36;NI/ZS;Vjeronauka;B;6;V10;Mjesta za molitvu u prirodi - Mjesta za molitvu drugih;Ne;;Da;saradnja ZS-117-a, sloboda, odgovornost NI-117-1;Da;pobožnost NI-117-5;redukcija;2;;NI-117-3;2;NI-118-3;ZS-117-b, ZS-118-a, NI-117-2, NI-118-1, NI-118-2;0;;;0;;
37;NI/ZS;Vjeronauka;B;6;V10;Kad sunce dostigne svoj vrhunac - Podne namaz;Ne;;Ne;;Ne;;;2;;ZS-121;2;;NI-119-1, NI-119-2;0;;;0;;
38;NI/ZS;Vjeronauka;B;6;V10;Putnik sebi konak traži (ilahija);Ne;;Ne;;Ne;;;0;;;2;;ZS-122, NI-122;0;;;0;;
39;NI/ZS;Vjeronauka;B;6;V10;Kako je nastao hidžretski kalendar;Ne;;Ne;;Ne;;;2;;NI-123-1, NI-124-2;2;;ZS-123, ZS-124, NI-123-1, NI-124-1;0;;;0;;
40;NI/ZS;Vjeronauka;B;6;V10;Ramazanska večer;Ne;;Ne;;Ne;;;2;;ZS-125;2;;NI-125;0;;;0;;
1;ZS/ZMP;Pravoslavna vjeronauka;S;9;V9;"O čovjeku kao jedinom moralnom biću na zemlji; Čovjek je najuzvišenije biće na zemlji";Da;nejednakost ZPM-6-a, ZPM-6-c;Da;odgovornost ZPM-5-b, ZPM-5-c;Da;pobožnost;redukcija, mistifikacija;2;;ZS-5-a, ZPM-5;2;;ZS-7-a, ZPM-5;2;;ZS-6, ZPM-5;0;;
2;ZS/ZMP;Pravoslavna vjeronauka;S;9;V9;"O moralnom zakonu; Pisani ili natprirodni moralni zakon";Da;nejednakost ZPM-8-a;Da;odgovornost ZS-9-a, ZPM-8-c, ZPM-9-a, ZPM-9-b, ZPM-9-c, ZPM-10-a, jednakost ZPM-8-d;Da;pobožnost;redukcija, mistifikacija;2;;;2;;ZS-9-a;2;;ZS-9-c;0;;
3;ZS/ZMP;Pravoslavna vjeronauka;S;9;V9;"Starozavjetni I novozavjetni moralni zakon; Dvije Hristove zapovijesti o ljubavi";Ne;;Da;solidarnost ZPM-11-d, odgovornost ZPM-12-a;Da;pobožnost;redukcija, mistifikacija;2;;ZS-13-a;2;;ZS-13-c;2;;ZS-13-b;0;;
4;ZS/ZMP;Pravoslavna vjeronauka;S;9;V9;"Narušavanje moralnog zakona; Vrste grijeha; lakši I teški smrtni grijesi";Da;osvetoljubivost ZS-15-b;Ne;;Ne;;;2;;ZS-14;2;;ZS-18 ;2;ZPM-16-h;;0;;
5;ZS/ZMP;Pravoslavna vjeronauka;S;9;V9;Pokajanje I borba protiv grijah;Ne;;Da;odgovornost ZPM-19-a, solidarnost ZPM-20-b;Da;pobožnost;redukcija, mistifikacija;2;;ZS-21-a;2;;ZS-21-b ;2;;ZS-20-a;0;;
6;ZS/ZMP;Pravoslavna vjeronauka;S;9;V9;"O savjesti I slobodi volje; O savjest; O slobodi volje";Ne;;Da;odgovornost ZS-23-b, ZPM-22-a, ZPM-22-a, ZPM-22-b, ZPM-22-c, ZPM-22-d, ZPM-23-c, ZPM-23-d, život ZPM-22-a, ZPM-22-b, ZPM-22-c, ZPM-22-d;Da;pobožnost ZS-23-b;redukcija, mistifikacija;0;;ZPM-22;2;;ZS-23-c, ZPM-22-a, ZPM-22-b, ZPM-22-c, ZPM-23-a, ZPM-23-b;0;;;0;;
7;ZS/ZMP;Pravoslavna vjeronauka;S;9;V9;O hršćanskim dužnostima;Ne;;Da;odgovornost ZS-24, ZS-25-a, ZPM-24-d;Da;pobožnost ZS-24, ZS-25-a;redukcija, mistifikacija;2;;ZPM-24-a, ZPM-24-b, ZPM-24-c;2;;ZS-25-b;0;;;0;;
8;ZS/ZMP;Pravoslavna vjeronauka;S;9;V9;Hrišćanske vrline: vjera, nada i ljubav;Da;neprijateljstvo ZS-26-a, ZS-27-c, pluralizamkaoproblem ZPM-26-b, ZPM-26-c, ZPM-26-d;Da;odgovornost  ZPM-26-a, solidarnost ZPM-27-a, ZPM-27-b, ZPM-27-c, ZPM-27-d;Da;pobožnost;redukcija, mistifikacija, insinuacija;2;ZPM-27-e;ZPM-26-a, ZPM-26-b, ZPM-26-c, ZPM-26-d, ZPM-27-a, ZPM-27-b;2;;ZS-27-b;2;;ZPM-26-a, ZPM-26-b, ZPM-26-c, ZPM-26-d;2;;ZS-26-a
9;ZS/ZMP;Pravoslavna vjeronauka;S;9;V9;Hiršćanske vrline;Ne;;Da;solidarnost ZS-28, ZS-29, ZS-30-a, ZPM-29-b, ZPM-29-c, ZPM-29-d, život ZPM-28-a, ZPM-29-a, ZPM-30-a, odgovornost ZPM-28-a, ZPM-28-c, ZPM-29-a, saradnja ZPM-30-a, ZPM-30-b, ZPM-30-c;Da;pobožnost ZS-30-a;redukcija;2;;ZPM-28-a, ZPM-28-b, ZPM-28-c;2;;ZS-30-b, ZPM-28-a, ZPM-28-b, ZPM-28-c;2;;ZPM-28-a, ZPM-28-b, ZPM-28-c;0;;
10;ZS/ZMP;Pravoslavna vjeronauka;S;9;V9;Grijesi protiv hrišćanskih vrlina;Ne;;Da;jednakost ZPM-31-b;Da;pobožnost;redukcija;2;;ZPM-28-a, ZPM-28-b, ZPM-28-c;2;;ZS-33;2;;;2;;ZS-32-a
11;ZS/ZMP;Pravoslavna vjeronauka;S;9;V9;O postu;Ne;;Ne;;Ne;;;2;;ZPM-34-a, ZPM-34-b;2;;ZS-35;2;;;0;;
12;ZS/ZMP;Pravoslavna vjeronauka;S;9;V9;O zavjetu I zakletvi - Zavjeti, Zakletva;Ne;;Da;saradnja ZPM-36-a;Da;pobožnost;redukcija;2;;;2;;ZS-37;0;;;0;;
13;ZS/ZMP;Pravoslavna vjeronauka;S;9;V9;Stupnjevi duhovnog usavršavanja htišćana prema Hristovoj besjedi na gori;Ne;;Da;život ZPM-38-a, ZPM-39-a, mir ZPM-39-b;Da;pobožnost;redukcija;2;;ZS-38;2;;ZS-40;2;;;0;;
14;ZS/ZMP;Pravoslavna vjeronauka;S;9;V9;O smirenosti I pokajanju u vezi sa prvim I drugim blaženstvom;Ne;;Ne;;Ne;;;2;;ZPM-41, ZPM-42;2;;ZS-42;0;;;0;;
15;ZS/ZMP;Pravoslavna vjeronauka;S;9;V9;O krotosti I pravdi - Treće I četvrto blaženstvo;Ne;;Da;mir ZPM-43-a, jednakost, odgovornost ZPM-44-b;Da;pobožnost;redukcija;2;;ZS-43, ZS-44a;2;;ZS-44-b;2;;ZPM-43, ZPM-44;0;;
16;ZS/ZMP;Pravoslavna vjeronauka;S;9;V9;O milosrđu, čistoti srca I mirotvorstvu;Da;pluralizamkaoproblem ZPM-46-b;Da;solidarnost ZS-45, ZPM-45-a, mir ZS-46-a, ZPM-45-c, ZPM-46-a, ZPM-46-b, jednakost ZPM-45-b, odgovornost ZPM-45-g, ZPM-45-d, ZPM-46-c, život ZPM-46-a;Da;pobožnost, ZS-45, ZS-46-a, ZPM-45-b, ZPM-45-g, ZPM-45-d, ZPM-46-a,ZPM-46-b, ZPM-46-c, patrijarhat ZPM-46-d;imputacija ZS-45, ZS-46-a, redukcija, mistifikacija;2;;;2;;ZS-46-b;0;;;2;;ZPM-46-b
17;ZS/ZMP;Pravoslavna vjeronauka;S;9;V9;O stradnju - Osmo I deveto blaženstvo - Stradanje za pravdu/vjeru;Ne;;Da;odgovornost ZPM-47-a, ZPM-47-b;Da;pobožnost;redukcija, mistifikacija;2;;ZPM-47-a, ZPM-47-b;2;;ZS-47-b;0;;;2;;ZPM-47-a, ZS-47-a
18;ZS/ZMP;Pravoslavna vjeronauka;S;9;V9;Hrišćanstvo I zajednica - Brak, dužnosti djece i roditelja jednih prema drugima;Da;neravnopravnost ZPM-50-b;Da;život ZPM-48-a, odgovornost ZPM-48-a, ZPM-50-a, ZPM-50-b, ZPM-50-c, ZPM-51-a, ZPM-51-b, saradnja ZPM-50-a;Da;pobožnost ZPM-50-a, ZPM-50-b,  ZPM-50-c, patrijarhat ZPM-48-a, ZPM-50-b, ZPM-50-c;redukcija, imputacija ZPM-50-a, ZPM-50-b, ZPM-50-c, mistifikacija, ignorancija;2;;ZS-48;2;;ZS-51-b, ZPM-50-a ;2;;ZPM-48-a, ZPM-48-b, ZPM-51-a, ZPM-51-b;2;;ZS-50, ZS-51-a, ZPM-48-a, ZPM-50-a, ZPM-50-b, ZPM-50-c, ZPM-51-a
19;ZS/ZMP;Pravoslavna vjeronauka;S;9;V9;Dužnost starješina I potčinjenih;Ne;;Da;sloboda ZS-52-a;Da;pobožnost ZS-52-a;ignorancija ZS-52-b;2;;ZS-52-a, ZS-52-b;2;;ZS-53;2;;ZPM-52-a;2;;ZS-52-a 
20;ZS/ZMP;Pravoslavna vjeronauka;S;9;V9;Dužnost prema otadžbini: Važnost I obaveza državnih zakona;Da;rat ZS-54-d ;Da;odgovornost ZPM-54-a, ZPM-54-b;Da;porijeklo, pobožnost;redukcija, mistifikacija, ignorancija ZPM-54-a, ZPM-54-b, ZPM-54-c, ZPM-54-d, ZPM-54-e;2;;ZS-54-c;2;;ZS-55;2;;;2;;ZS-54-a, ZS-54-b 
21;ZS/ZMP;Pravoslavna vjeronauka;S;9;V9;Dužnosti prema crkvenoj zajednici;Ne;;Ne;;Ne;;;2;;ZS-56-a;2;;ZS-56, ZS-57;2;;;0;;
22;ZS/ZMP;Pravoslavna vjeronauka;S;9;V9;O crkvenim zakonima I zapovijestima;Ne;;Da;odgovoronost ZPM-58-a;Da;pobožnost, patrijarhat;redukcija, imputacija;2;;ZS-58, ZS-59 ;2;;ZS-58, ZS-59 ;2;;;0;;
23;ZS/ZMP;Pravoslavna vjeronauka;S;9;V9;Odnos hrišćana prema sveštenoslužiteljima - Odnos hrišćana prema sektama, inovjernima I nevjernima;Da;neprijateljstvo ZS-61-a, pluralizamkaoproblemZPM-61-a;Da;solidarnost ZS-62-b, ZS-62-c, ZPM-62-a, ZPM-62-b, ZPM-62-c, odgovornost ZPM-60-a, ZPM-62-b, ZPM-62-c;Da;pobožnost ZS-62-d, patrijarhat;redukcija ZS-62-c, ZS-62-d, imputacija, mistifikacija;2;;ZPM-62-a, ZPM-62-b, ZPM-62-c;2;;ZS-62-e;2;;ZS-62-a;2;;ZS-61-b, ZS-61-c, ZS-61-d, ZPM-61-b
1;ZS/ZMP;Vjeronauka;B;8;V12;Uvod;Ne;;Da;solidarnost, mir ZS-5;Ne;;;0;;;0;;;0;;;0;;
2;ZS/ZMP;Vjeronauka;B;8;V12;Izazovi I nade;Ne;;Da;odgovornost ZPM-7-c, ZPM-7-e, sloboda ZPM-7-b;Da;pobožnost;redukcija;2;;ZS-7;1;ZPM-7-a, ZPM-7-b, ZPM-7-c, ZS-8-b;;0;;;2;;ZS-6 
3;ZS/ZMP;Vjeronauka;B;8;V12;Poželjne kompetencije mladih;Ne;;Da;odgovornost ZPM-9-b, ZPM-9-c;Da;pobožnost;redukcija;2;;ZS-10, ZPM-10-b;1;ZS-11-a, ZPM-10-b, ZPM-10-c, ZPM-10-d, ZPM-10-e;;1;;ZS-11-b;2;;ZS-10-a 
4;ZS/ZMP;Vjeronauka;B;8;V12;Čistota duhovnosti;Ne;;Ne;;Ne;;;1;ZS-15;ZPM-13-a;2;ZPM-14-b;ZS-13, ZS-14-b, ZS-16-a ;0;;;1;ZPM-14-a ;
5;ZS/ZMP;Vjeronauka;B;8;V12;Kako da završim dan;Ne;;Ne;;Ne;;;1;ZS-20, ZPM-21-a;;2;;ZS-18, ZS-21;0;;;0;;
6;ZS/ZMP;Vjeronauka;B;8;V12;Namazi u posebnim prilikama;Ne;;Ne; ;Ne;;;0;ZS-25-b;;2;ZPM-24-a, ZPM-24-b;ZS-24 ;0;;;1;ZS-25-a;
7;ZS/ZMP;Vjeronauka;B;8;V12;Upoznajmo zakon Božiji;Da;nejednakost ZPM-26-b;Da;jednakost ZS-26-a, ZPM-26-a, odgovornost ZPM-26-b, ZPM-26-c;Da;pobožnost ZPM-26-a, ZPM-26-b, ZPM-26-c ;redukcija ZS-26-a, mistifikacija;1;ZPM-26-d, ZPM-28-d, ZPM-28-c, ZPM-28-e ;ZS-26-b;2;;ZS-28;0;;;0;;
8;ZS/ZMP;Vjeronauka;B;8;V12;Vrednovanje djela u zakonu Božijem;Ne;;Ne;;Ne;;;2;;ZPM-32-a, ZPM-32-b, ZPM-32-c, ZPM-32-d ;2;;ZS-31-a;1;ZS-31-b;;0;;
9;ZS/ZMP;Vjeronauka;B;8;V12;Prijevod Kur'ana na bosanskom jeziku;Ne;;Ne;;Ne;;;2;;ZS-34, ZS-36, ZS-37, ZPM-36-a;1;ZPM-34-c, ZPM-34-d, ZPM-34-e, ZPM-37-c;;0;;;2;;ZPM-34-a
10;ZS/ZMP;Vjeronauka;B;8;V12;Čuvanje tradicije;Da;nejednakost ZPM-40-a;Ne;;Ne;;;1;ZS-41, ZPM-50-a, ZPM-51-a, ZPM-51-b, ZPM-51-c;;2;;ZS-39 ;2;;ZS-42 ;0;;
11;ZS/ZMP;Vjeronauka;B;8;V12;Božiji poslanici - naši učitelji;Ne;;Da;odgovornost ZPM-44-b, jednakost ZPM-46-a;Da;pobožnost ZPM-44-a, ZPM-44-b;redukcija ZPM-44-a, ZPM-44-b;1;ZS-45-b ;;2;;ZS-45-a;1;ZS-46;;0;;
12;ZS/ZMP;Vjeronauka;B;8;V12;Mudrost u prosuđivanju;Ne;;Da;jednakost ZS-49-b, odgovornost ZPM-48-a, ZPM-48-d,  ZPM-48-e,  ZPM-48-f, mir ZPM-49-c, sloboda ZPM-49-f;Da;pobožnost ZPM-47-a, ZPM-48-b, ZPM-48-d, ZPM-48-e, ZPM-48-f;ignorancija ZS-49-b, redukcija;2;ZS-50-a;ZS-48-a, ZS-49-c ;1;ZS-50-b, ZPM-48-b, ZPM-48-c, ZPM-49-g, ZPM-49-h, ZPM-49-I, ZPM-50-a ;;1;ZS-48-b, ZS-49-a;;0;;
13;ZS/ZMP;Vjeronauka;B;8;V12;Blagodati Božije nas približavaju Bogu;Ne;;Ne;;Ne;;;1;ZS-52-c, ZS-53, ZPM-54-c;ZS-52-a, ZS-52-b ;2;ZPM-52-a, ZPM-52-b;ZS-54-a ;0;;;1;ZPM-54-c ;
14;ZS/ZMP;Vjeronauka;B;8;V12;Greške, grijesi I posljedice;Ne;;Da;odgovornost ZS-56, ZPM-55-a, ZPM-56-a;Da;pobožnost ;redukcija;1;ZS-58, ZPM-57-a, ZPM-57-b, ZPM-58-a, ZPM-59-a, ZPM-59-b, ZPM-59-c, ZPM-59-d, ZPM-59-e, ZPM-59-f ;ZS-59-b;2;;ZS-55, ZS-57-a, ZS-59-a;1;ZS-57-b, ZPM-59-c, ZPM-59-f;;0;;
15;ZS/ZMP;Vjeronauka;B;8;V12;Priznanje I vlastita odgovornost;Ne;;Da;odgovornost ZPM-60-a, ZPM-60-b, ZPM-60-c , ZPM-60-d, ZPM-60-e, saradnja ZPM-61-b;Da;pobožnost ;redukcija;1;ZS-62-a, ZPM-62-c;;2;;ZS-61, ZS-63-a;1;ZS-62-b;;1;ZS-62-c;
16;ZS/ZMP;Vjeronauka;B;8;V12;Savjest kao ogledalo moje duše;Ne;;Da;odgovornost ZPM-66-a;Da;pobožnost ;redukcija;1;ZS-66-b, ZPM-57-a, ZPM-57-b, ZPM-57-c ;ZS-64;1;ZS-65-a, ZPM-64-b, ZPM-65-a, ZPM-65-b, ZPM-66-a;ZS-67;0;;;0;;
17;ZS/ZMP;Vjeronauka;B;8;V12;Život u vjeri, ljubavi I nadi;Ne;;Da;život ZS-69, ZPM-68-a, ZPM-68-c, odgovornost ZPM-68-b, ZPM-69-e;Da;pobožnost;redukcija;0;;ZS-70-a;1;ZS-70-b, ZPM-70-c, ZPM-70-d;ZS-70-c;2;;;2;;ZS-68, ZPM-69-d
18;ZS/ZMP;Vjeronauka;B;8;V12;Prolaznost I vječnost;Ne;;Da;jednakost ZPM-71-a;Da;pobožnost ;mistifikacija ZPM-71-a, redukcija ZPM-72-a, ZPM-72-b, ZPM-72-c ;2;;ZS-72-a, ZS-74 ;1;ZPM-75-b;;0;;;1;ZS-75-a;
19;ZS/ZMP;Vjeronauka;B;8;V12;Radost vječnog života;Ne;;Da;odgovornost, saradnja ZPM-76, ZPM-77, ZPM-78-a;Da;pobožnost;redukcija;2;;ZS-77;2;ZPM-77-b;ZS-79-b ;1;ZS-79-a;;0;;
20;ZS/ZMP;Vjeronauka;B;8;V12;Posljedica griješenja;Ne;;Da;život, solidarnost ZPM-80-a, odgovornost ZPM-80-b, ZPM-82-a, ZPM-82-b, saradnja ZPM-81-a, ZPM-81-b;Da;pobožnost;redukcija;1;ZS-83-a;;2;;ZS-81, ZS-84;1;ZS-83-b ;;0;;
21;ZS/ZMP;Vjeronauka;B;8;V12;Moralnost u životu;Ne;;Da;saradnja ZS-87-a, odgovornost ZPM-85-a;Da;porijeklo ZS-87-a, pobožnost;ignorancija ZS-87-a, redukcija;2;ZPM-87-b, ZPM-87-c;ZS-86-a, ZS-86-b ;1;ZPM-86-a, ZPM-86-b;ZS-87-c, ZS-86-c, ZS-87-b;0;;;0;;
22;ZS/ZMP;Vjeronauka;B;8;V12;Kako biti moralan;Ne;;Ne;;Ne;;;2;ZPM-88-a, ZPM-89-f, ZPM-89-g;ZS-89-b ;2;ZPM-89-c;ZPM-89-a ;1;ZPM-89-d, ZPM-89-g;;0;;
23;ZS/ZMP;Vjeronauka;B;8;V12;Šta čovjeka čini čovjekom;Ne;;Da;pluralizam, jednakost ZPM-90-a, ZPM-90-b, ZPM-90-c;Ne;;;1;ZS-91-b, ZPM-92-a;ZS-91-a, ZS-92-b;1;ZS-92-c, ZPM-92-b;;1;ZPM-92-c;;1;;ZS-91-c, ZS-92-a
24;ZS/ZMP;Vjeronauka;B;8;V12;Razvoj zajednice muslimana;Ne;;Ne;;Ne;;;2;;ZS-98, ZS-93, ZPM-95-a;1;ZS-97, ZPM-96-a, ZPM-97-a;ZS-95;0;;;0;;
25;ZS/ZMP;Vjeronauka;B;8;V12;Oblici muslimanskog zajedništva;Da;nejednakost ZPM-99-d;Da;solidarnost, saradnja ZPM-99-a, ZPM-99-b, jednakost ZPM-100-a, ZPM-100-b;Da;pobožnost;redukcija;2;;ZS-102;2;ZPM-101-b, ZPM-101-c ;ZS-101-a ;0;;;2;;ZS-99-a
26;ZS/ZMP;Vjeronauka;B;8;V12;Nastanak I razvoj Islamske zajednice u Bosni I Hercegovini;Da ;viktimologija ZPM-103-a, neodgovoranpristupprošlosti ZPM-104-a, ZPM-105-a, ZPM-105-b;Ne;;Ne;;;2;ZPM-106-b;ZPM-106-a;2;;ZS-106;0;;;0;;
27;ZS/ZMP;Vjeronauka;B;8;V12;Islamska zajednica danas;Ne;;Ne;;Ne;;;1;ZPM-109-b, ZPM-109-c, ZPM-109-d, ZPM-109-e, ZPM-109-f;;2;;ZS-109-a;0;;;0;;
28;ZS/ZMP;Vjeronauka;B;8;V12;Kako se nekad u Bosni živjelo;Da;nejednakost, religijskiekskluzivizam ZPM-111-d;Ne;;Ne;;;1;ZPM-111-a, ZPM-111-b, ZPM-113-d;;2;;ZS-111-a, ZS-113-a;0;;;2;;ZPM-111-c
29;ZS/ZMP;Vjeronauka;B;8;V12;Šeheri u Bosni I Hercegovini;Ne;;Ne;;Ne;;;1;ZPM-114-a, ZPM-117-a, ZPM-117-b, ZPM-117-c, ZPM-117-d, ZPM-117-e, ZPM-117-f, ZPM-117-g;;2;ZPM-114-b, ZPM-114-c ;ZS-114, ZS-117-a, ZS-117-b;0;;;2;;ZS-116
30;ZS/ZMP;Vjeronauka;B;8;V12;Objekti nastali iz duhovnosti;Da;viktimologija ZPM-120-a;Da;stvaralaštvo, različitost ZPM-119-a, ZPM-119-b;Ne;;;2;ZPM-124-a, ZPM-125-a, ZPM-125-b, ZPM-125-c;ZPM-124-a;2;;ZS-121, ZS-124-a;0;;;0;;
31;ZS/ZMP;Vjeronauka;B;8;V12;Mubarek dani I noći;Ne;;Ne;;Ne;;;2;;ZS-130-b, ZPM-133-a;2;;ZS-130-a, ZS-133-a ;1;ZS-133-b;;0;;
32;ZS/ZMP;Vjeronauka;B;8;V12;Ibadet u odabranim danima I noćima;Ne;;Da ;solidarnost ZS-135;Da;pobožnost ;redukcija;2;;ZPM-137-a;2;;ZS-136, ZS-137;0;;;0;;
1;ZPM/NI;Vjeronauka;S;8;V8;O crkvi uopšte;Ne;;Ne;;Ne;;;2;;NI-5, NI-6;2;;NI-7;2;;;0;;
2;ZPM/NI;Vjeronauka;S;8;V8;Istovjetnost crkve I hrama Bogoslužnog mjesta;Ne;;Ne;;Ne;;;2;;NI-8-2;2;;NI-8-4, NI-9;2;;NI-8-3;0;;
3;ZPM/NI;Vjeronauka;S;8;V8;O Bogu;Da;neravnopravnost ZPM-11-a;Ne;;Ne;;;2;;NI-10-1, NI-10-2, NI-10-3, NI-10-4, NI-11-1, NI-11-3, NI-12-1, NI-12-2, NI-12-3, NI-12-4;2;;NI-11-2, NI-12-5;2;;NI-10-1;0;;
4;ZPM/NI;Vjeronauka;S;8;V8;O svijetu I čovjeku - postanak svijeta, materijalni I duhovni svijet;Ne;;Ne;;Ne;;;2;;;2;;NI-14-3;2;;NI-13, NI-14-1, NI-14-2;0;;
5;ZPM/NI;Vjeronauka;S;8;V8;O čovjeku ;Da;neravnopravnost NI-15-1 ;Ne;;Ne;;;2;;;2;;NI-16, NI-15-2, NI-15-3, NI-15-4;2;;;0;;
6;ZPM/NI;Vjeronauka;S;8;V8;Besmrtnost duše;Ne;;Da;jednakost ZPM-18-c;Da;pobožnost, patrijarhat;redukcija, mistifikacija;2;;NI-18-1, NI-18-2;2;;NI-18-5, NI-18-3;2;;NI-18-4;0;;
7;ZPM/NI;Vjeronauka;S;8;V8;Pogrešne teorije o postanku svijeta I života;Da;pluralizamkaoproblem, neravnopravnost NI-19-1;Ne;;Ne;;;2;;NI-19-2;2;;NI-20-1, NI-20-2;2;;;0;;
8;ZPM/NI;Vjeronauka;S;8;V8;Hrišćansko učenje o prvobitnom stanju čovjeka;Da;neravnopravnost NI-21-2;Ne;;Ne;;;2;;NI-22-1, NI-22-2;2;;NI-22-3;2;;NI-21-1;0;;
9;ZPM/NI;Vjeronauka;S;8;V8;O božijem promislu;Ne;;Ne;;Ne;;;2;;;2;;NI-23-3, NI-23-4;2;;NI-23-1, NI-23-2;0;;
10;ZPM/NI;Vjeronauka;S;8;V8;O fatalizmu;Ne;;Ne;;Ne;;;2;;NI-25-1, NI-25-2;2;;NI-26-2;2;;NI-26-1;0;;
11;ZPM/NI;Vjeronauka;S;8;V8;Neosnovanost prigovora da Hristos nije historijska ličnost;Ne;;Ne;;Ne;;;2;;NI-27-2;2;;NI-28-3;2;NI-27-3, NI-28-1, NI-28-2;NI-27-1 ;0;;
12;ZPM/NI;Vjeronauka;S;8;V8;Vaskrsenje Hristovo kao temelj hrišćanske istine;Ne;;Ne;;Ne;;;2;;NI-29-1;2;;NI-29-3;2;;NI-29-2;0;;
13;ZPM/NI;Vjeronauka;S;8;V8;O Bogu - Duhu Svetom;Ne;;Ne;;Ne;;;2;;;2;;NI-30-4, NI-30-1;2;;NI-30-2, NI-30-3;0;;
14;ZPM/NI;Vjeronauka;S;8;V8;Cilj I svojstvo Crkve;Ne;;Ne;;Ne;;;2;;;2;;NI-31-1, NI-31-2, NI-31-3, NI-32-1, NI-32-2;2;;;0;;
15;ZPM/NI;Vjeronauka;S;8;V8;Zagrobni život;Ne;;Ne;;Ne;;;2;;NI-33-1;2;;NI-34-2;1;NI-33-2;;0;;
16;ZPM/NI;Vjeronauka;S;8;V8;Poseban sud poslije smrti;Ne;;Ne;;Ne;;;2;;;2;;NI-35, NI-36;2;;;0;;
17;ZPM/NI;Vjeronauka;S;8;V8;Vaskrsenje mrtvih;Ne;;Ne;;Ne;;;2;;NI-38-1, NI-38-2;2;;NI-38-3;2;;;0;;
18;ZPM/NI;Vjeronauka;S;8;V8;O sektama;Da;pluralizamkaoproblem ZPM-39-a, ZPM-39-b, ZPM-39-c, ZPM-39-d, neprijateljstvo ZPM-40-a, ZPM-40-b;Ne;;Ne;;;2;;NI-40-1, NI-40-3;2;;NI-41;2;;NI-40-2, NI-40-4;2;;ZPM-39-c, ZPM-39-d 
19;ZPM/NI;Vjeronauka;S;8;V8;Jehovini svjedoci;Ne;;Ne;;Ne;;;2;;;2;;NI-42-4;2;;NI-42-3;0;;
20;ZPM/NI;Vjeronauka;S;8;V8;Satanisti;Ne;;Ne;;Ne;;;2;;;2;;NI-43-2;2;;NI-43-1;0;;
21;ZPM/NI;Vjeronauka;S;8;V8;Adventisti;Ne;;Ne;;Ne;;;2;;NI-44-1, NI-44-2;2;;NI-44-4;2;;NI-44-3;0;;
22;ZPM/NI;Vjeronauka;S;8;V8;Pentakostalci - postanak;Ne;;Ne;;Ne;;;2;;NI-45-3;2;;NI-45-1, NI-45-4, NI-45-3;2;;;0;;
23;ZPM/NI;Vjeronauka;S;8;V8;Vječni život;Da;pluralizamkaoproblem, nejednakost ZPM-46-b, neravnopravnost, isključivost NI-46-4;Ne;;Ne;;;2;;NI-46-2, NI-46-3;2;;NI-46-1, NI-46-5;2;;;0;;
1;ZS/ZPM;Vjeronauka;S;6;V6;Istorija hrišćanske crkve;Ne;;Ne;;Ne;;;2;;;2;;ZS-6-b;2;;;0;;
2;ZS/ZPM;Vjeronauka;S;6;V6;Prvi period;Da;pluralizamkaoproblem ZS-7-c, neprijateljstvo ZPM-7-a, ZPM-8-b, ZPM-8-c;Ne;;Ne;;;0;;;2;;ZS-9-a;2;;ZS-7-d;2;;ZS-7-b
3;ZS/ZPM;Vjeronauka;S;6;V6;Jevreji gone hrišćane;Da;neprijateljstvo ZS-9-c, ZPM-10-a;Ne;;Ne;;;0;;;2;;ZS-10-c;2;;;2;;ZS-9-c 
4;ZS/ZPM;Vjeronauka;S;6;V6;Obraćanje Salva u hrišćanstvo;Da;neprijateljstvo ZPM-11-a, ZPM-11-b, ZPM-11-c, pluralizamkaoproblem ZPM-11-d;Ne;;Ne;;;0;;;2;;ZS-11-d;2;;;2;;ZS-11-c
5;ZS/ZPM;Vjeronauka;S;6;V6;Propast Jerusalima;Da;neprijateljstvo ZPM-12-a, viktimologija ZPM-12-d;Ne;;Ne;;;2;;ZS-12-c ;2;;ZS-12-e;2;;;2;;
6;ZS/ZPM;Vjeronauka;S;6;V6;Apostolski sabor u Jerusalimu;Da;neravnopravnost ZS-13-a, pluralizamkaoproblem ZPM-13-a, netolerancija ZPM-13-c;Ne;;Ne;;;2;;;2;;ZS-13-b;2;;;0;;
7;ZS/ZPM;Vjeronauka;S;6;V6;Prvo misionarsko putovanje svetog apostola Pavla;Da;netolerancija ZPM-15-a, ZPM-15-b, pluralizamkaoproblem ZPM-15-c;Ne;;Ne;;;2;;;2;;;2;; ZS-15-a;0;;
8;ZS/ZPM;Vjeronauka;S;6;V6;Drugo misionarsko putovanje svetog apostola Pavla;Ne;;Ne;;Ne;;;2;;;2;;ZS-16;2;;;0;;
9;ZS/ZPM;Vjeronauka;S;6;V6;Treće misionarsko putovanje svetog apostola Pavla;Da;neprijateljstvo ZPM-18-b;Ne;;Ne;;;2;;;2;;;2;;;0;;
10;ZS/ZPM;Vjeronauka;S;6;V6;Gonjenje hrišćana od strane rimskih careva;Da;neravnopravnost ZS-19-f, viktimologija, nasilje ZPM-18-c, ZPM-19-b, ZPM-19-c;Da;sloboda ZS-19-e;Da;pobožnost;;2;;;2;;ZS-19-g;2;;;0;;
11;ZS/ZPM;Vjeronauka;S;6;V6;Car Konstantin I carica Jelena;Da;neravnopravnost ZS-20-c;Da;sloboda ZS-20-b;Da;pobožnost, prošlost;redukcija;2;;;2;;ZS-21;2;;;0;;
12;ZS/ZPM;Vjeronauka;S;6;V6;Drugi period (Prvi Vaseljenski sabor);Da;pluralizamkaoproblem ZPM-23-c;Ne;;Ne;;;2;;;2;;ZS-24-b;2;;ZS-24-a;2;;ZS-23
13;ZS/ZPM;Vjeronauka;S;6;V6;Drugi Valjesenski sabor;Ne;;Ne;;Ne;;;2;;ZS-25-a;2;;ZS-25-b;2;;;0;;
14;ZS/ZPM;Vjeronauka;S;6;V6;Treći I četvrti Vaseljenski sabor;Da;pluralizamkaoproblem ZPM-27-a;Ne;;Ne;;;2;;;2;;ZS-27-b;2;;ZS-27-a;0;;
15;ZS/ZPM;Vjeronauka;S;6;V6;Peti I šesti Vaseljevski sabor;Da;pluralizamkaoproblem ZPM-28-a;Ne;;Ne;;;2;;ZS-28-a;2;;ZS-28-b;2;;ZS-28-c;0;;
16;ZS/ZPM;Vjeronauka;S;6;V6;Sedmi Vaseljevski sabor;Da;neravnopravnost ZS-29-a;Ne;;Ne;;;0;;;2;;ZS-30-a;2;;;0;;
17;ZS/ZPM;Vjeronauka;S;6;V6;Islam - pojava I širenje;Ne;;Ne;;Ne;;;2;;;2;;;2;;ZS-30-c;0;;
18;ZS/ZPM;Vjeronauka;S;6;V6;"Monaštvo u crkvi Hristovoj; Monaštvo na Zapadu";Ne;;Da;jednakost ZPM-34-a;Da;pobožnost;redukcija, mistifikacija;2;;;2;;ZS-34-a;2;;ZS-31-b;2;;ZS-33-b
19;ZS/ZPM;Vjeronauka;S;6;V6;"Širenje hrišćanstva; Pokrštavanje Slovena, Ćirilo I Metodije";Ne;;Ne;;Ne;;;2;;;2;;ZS-36-b;2;;;0;;
20;ZS/ZPM;Vjeronauka;S;6;V6;Krštenje Srba;Ne;;Ne;;Ne;;;2;;ZPM-37-a;2;;ZS-37-b;2;;;0;;
21;ZS/ZPM;Vjeronauka;S;6;V6;Krštenje Rusa;Da;neravnopravnost ZS-37-c;Ne;;Ne;;;2;;;2;;ZS-39-a;2;;ZS-38-a;0;;
22;ZS/ZPM;Vjeronauka;S;6;V6;"Veliki crkveni raskoli; Nova učenja zapadne Crkve; Novi obredi u zapadnoj Crkvi";Da;neprijateljstvo ZS-41-a;Ne;;Ne;;;2;;ZS-39, ZS-40 ;2;;ZS-41-d;2;;ZS-39-b;0;;
23;ZS/ZPM;Vjeronauka;S;6;V6;Treći period: Pad Carigrada I stanje Pravoslavne crkve pod Turcima;Da;sukob, neprijateljstvo ZPM-43-b, ZPM-43-c;Ne;;Ne;;;2;;;2;;;2;;ZS-43-c;0;;
24;ZS/ZPM;Vjeronauka;S;6;V6;Pokušaj ujedinjenja crkava;Ne;;Ne;;Ne;;;0;;ZPM-45-c;2;;;2;;ZS-44-b;2;;
25;ZS/ZPM;Vjeronauka;S;6;V6;Reformacija u Njemačkoj I postanak luternastva;Da;neprijateljstvo ZPM-46-b,pluralizamkaoproblem ZPM-46-d;Ne;;Ne;;;1;ZS-46-a, ZS-46-b;;2;;;1;ZS-46-c;;2;;ZS-45-c
26;ZS/ZPM;Vjeronauka;S;6;V6;Istorija reformacije u Njemačkoj;Ne;;Ne;;Ne;;;2;;;2;;ZS-48-a;1;ZS-47-b ;;0;;
27;ZS/ZPM;Vjeronauka;S;6;V6;Pravoslavni svijet - Pravoslavna crkva danas;Ne;;Da;jednakost ZPM-50-a;Da;pobožnost, tradicija;redukcija;2;;;2;;ZS-48, ZS-49, ZS-50;2;;;0;;
28;ZS/ZPM;Vjeronauka;S;6;V6;"Arhiepiskopije u pravoslavnoj crkvi; Starokatolička crkva";Ne;;Ne;;Ne;;;0;ZPM-52-d;;2;;ZS-50;2;;;0;;
29;ZS/ZPM;Vjeronauka;S;6;V6;Najnoviji pokušaji papa da se ujedine pravoslavna I katolička crkva;Da;neprijateljstvo ZPM-53-c;Ne;;Ne;;;2;;;2;;ZS-53;2;;;0;;
30;ZS/ZPM;Vjeronauka;S;6;V6;Pravoslavna crkva I ekumenizam;Da;pluralizamkaoproblem ZS-55-a, ZPM-54-d;Da;saradnja ZPM-54-a;Da;pobožnost;redukcija, mistifikacija;2;;ZS-55-a;2;;;2;;ZS-54 ;2;;ZS-55-a
31;ZS/ZPM;Vjeronauka;S;6;V6;Pravoslavna crkva u dijaspori;Da;dominacija ZS-56, ZS-55-b, rasizam ZS-57a;Ne;;Ne;;;2;;ZS-57-b ;2;;;2;;ZS-56-a;0;;
1;ZPM/NI;Vjeronauka;H;8;V5;Radost odrastanja;Ne;;Da;sloboda ZPM-8-c,  NI-8-1, odgovornost ZPM-9-a, ZPM-9-d, NI-9-1, saradnja ZPM-9-g;Da;pobožnost NI-9-2;redukcija;1;NI-10-5;;1;ZPM-10-d, NI -10-4 ;;2;ZPM-10-c;NI-10-1, NI-10-2 ;2;;NI-8-3
2;ZPM/NI;Vjeronauka;H;8;V5;Prijateljstvo i ljubav;Da;religijskieksluzivizam ZPM-13-c, neravnopravnost NI-16-1, NI-22-1;Da;saradnja ZPM-11-c, ZPM-11-d, ZPM-12-a, ZPM-18-a, ZPM-18-b, NI-12-1, odgovornost ZPM-12-b, ZPM-12- c, ZPM-12-d, ZPM-15-a, ZPM-15-b, ZPM-15-c, ZPM-21-a , ZPM-21-c, ZPM-21-d, ZPM-22-a, NI-14-1, solidarnost ZPM-13-a, ZPM-13- b, ZPM-13- c, ZPM-13-h, život ZPM-14-e, ZPM-14 -d,  sloboda ZPM-19-a, NI-11, NI-17-4, ljubav NI-18-1;Da;pobožnost ZPM-13-b, ZPM-13-c, NI-15-1;redukcija;1;ZPM-17-b, ZPM-17- e, ZPM-19-a, ZPM-19-b, NI-12-3, NI-17-2, NI-17-3, NI-19-1, NI-22-4;NI-21-1, NI-21-2, NI-22-2 ;1;ZPM-13-e, ZPM-13-f, ZPM-13-g, ZPM-17-c, ZPM-17-d, NI -13-2;NI-16-3, NI-17-3, NI-20-1, NI-22-3;2;;NI-13-1, NI-16-4, NI-18-3, NI-21-3;2;;ZPM-13-c, ZPM-14-a, ZPM 14-b, ZPM-14-c, ZPM-14-d, ZPM-16-a, ZPM-16-h, NI-16-2
3;ZPM/NI;Vjeronauka;H;8;V5;Brak i celibat – oblici kršćanskog života;Da;neravnopravnost NI-23-2;Da;sloboda ZPM-23-a, ZPM 23 -b, ZPM-24-b, odgovornost ZPM-23-c, NI-23-3, NI-24-3;Da;pobožnost NI-23-4;redukcija;1;ZPM-25-b, ZPM-27-a, ZPM-27-b, ZPM-27-c, NI-23-1, NI-25-2, NI-27-2;;2;ZPM-25-b;NI-25-1, NI-27-1 ;2;ZPM-23-d, ZPM-25-a ;NI-24-1, NI-24-2, NI-25-3 ;2;;ZPM-23-f, ZPM-24-a, ZPM-25-c, ZPM-26-a
4;ZPM/NI;Vjeronauka;H;8;V5;Svaki čovjek traži Boga;Ne;;Da;jednakost ZPM-33-a, NI-33-1, sloboda NI-34-1;Da;pobožnost NI-34-5;redukcija;1;NI-32-2, NI-34-3, NI-37-2;ZPM-32-a;2;NI-32-3, NI-34-4, NI-37-1;NI-32-1,NI-33-1, NI-34-2, NI-35-1;2;NI-30-1;NI-30-2 , NI-30-3, NI-31-1, NI-36-1 ;2;;ZPM-31-a, ZPM 31-b, NI-31-2
5;ZPM/NI;Vjeronauka;H;8;V5;Ateizam i vjerska ravnodušnost;Da;sukob ZPM-39-a, ZPM-40-a;Ne;;Ne;;;2;;ZPM-40-b, NI-38-6, NI-40-3, NI-40-5;2;;NI-38-1, NI-38-2, NI-39-2, NI-40-1, NI-40-4;2;;ZPM-39-c, NI-38-3, NI-38-4, NI-38-5, NI-39-3, NI-39-5, NI-40-2;2;;ZPM-38-a ,ZPM-38-b, ZPM-39-b, NI-39-4
6;ZPM/NI;Vjeronauka;H;8;V5;Traženje Boga u novim religioznim pokretima;Ne;;Ne;;Ne;;;2;NI-49-4;ZPM-43-b, ZPM-49-b ,NI-41-2, NI-42-3, NI-43-1, NI-45-3, NI-47-2, NI-49-3 ;2;;NI-44-1, NI-46-1, NI-46-2, NI-46-3, NI-46-4, NI-47-1, NI-49-1;2;;NI-42-2, NI-44-2,  NI-45-2, NI-48, NI-49-2;2;;ZPM-41-a, ZPM-41-b, ZPM-48, ZPM-49, NI-41-1, NI-42-1, NI-42-4, NI-45-1
7;ZPM/NI;Vjeronauka;H;8;V5;Biblijska i današnja slika svijeta;Da;nejednakost ZPM-54-c;Da;saradnja ZPM-56-a,odgovornost ZPM-57-a;Da;pobožnost NI-58-2;redukcija, imputacija;1;ZPM-58-a, ZPM-60-a, NI-55, NI-58-4;ZPM-54-a, ZPM-54-b, ZPM-54-c, NI-52-1 ;2;ZPM-54-b ,ZPM-58-a, ZPM-58-b, ZPM-58-c, NI-60-3;ZPM-54-a, ZPM-54-b, ZPM-54-c, ZPM-56, NI-58-3, NI-60-2 ;1;ZPM-58-d, ZPM-60-a;NI-52-1, NI-53-1;2;;ZPM-52-a, ZPM-52-b 
8;ZPM/NI;Vjeronauka;H;8;V5;Čovjek je slika Božija;Da;nejednakost ZPM-61-a, ZPM-61-b;Da;jednakost ZPM-62-a, ZPM-62-b;Da;pobožnost;redukcija;1;NI-63-5;NI-63-4;1;ZPM-63-b, ZPM-63-d;NI-63-2;2;;NI-62-1, NI-63-1;2;;ZPM-63-a 
9;ZPM/NI;Vjeronauka;H;8;V5;Grijeh kao zloporaba slobode;Da;neprijateljstvo NI-66-1;Da;odgovornost ZPM-65-a, ZPM-65-b, NI-64-1, život NI-67-1;Da;pobožnost NI-67-2;redukcija;2;;NI-64-2, NI-66-3, NI-68-2;2;ZPM-66-c, ZPM-68-a;NI-66-2, NI-68-1, NI-68-3 ;2;;NI-65-1, NI-65-2;0;;
10;ZPM/NI;Vjeronauka;H;8;V5;Božja dobrota i ljubav prema griješnicima;Ne;;Ne;;Ne;;;2;;ZPM-72-a, ZPM-75-a, NI-71-1, NI-74-1;2;;NI-75;2;;NI-70-2;2;;ZPM-74-a
11;ZPM/NI;Vjeronauka;H;8;V5;Korijeni krišćanstva na hrvatskim prostorima;Da;viktimologija ZPM-79-b;Ne;;Ne;;;2;;ZPM-80-a, NI-79-3;2;;NI-80-2;2;;NI-79-2;0;;
12;ZPM/NI;Vjeronauka;H;8;V5;Pokrštavanja hrvata i ulazak u zajednicu kršćanskih naroda;Ne;;Ne;;Ne;;;2;NI-83-2;NI-86;2;;NI-81-1, NI-81-3, NI-81-4, NI-84-1, NI-87-1;1;NI-82-1;NI-81-2, NI-82-2, NI-81-1, NI-81-3;2;;ZPM-83-b
13;ZPM/NI;Vjeronauka;H;8;V5;Vjerski i društveni život Hrvata u srednjem vijeku;Da;viktimologija;Da;jednakost ZPM-88-a, sloboda ZPM-88-b, solidarnost, odgovornost NI-89-2;Da;pobožnost, tradicija, patrijarhat, teritorij;redukcija, mistifikacija;2;NI-90-3;NI-92-2, NI-93-4;2;;NI-90-1, NI-91-1, NI-91-2, NI-93-3;2;ZPM-89-f;NI-88-1, NI-89-1, NI-90-1, NI-92-1, NI-93-1, NI-93-2 ;2;;ZPM-91-a
14;ZPM/NI;Vjeronauka;H;8;V5;Uloga Crkve u promicanju školstva, kulture i znanosti;Ne;;Da;jednakost ZPM-99-b;Da;pobožnost;redukcija;1;NI-96-2, NI-96-3, NI-99-2;NI-97-1;2;;NI-96-1, NI-99-1;2;;NI-97-2, NI-98;0;;
15;ZPM/NI;Vjeronauka;H;8;V5;Crkva u Hrvata za vrijeme svjetskih ratova i poraća;Da;viktimologija;Da;jednakost NI-103-2;Ne;;;2;;NI-100-1, NI-102-3, NI-102-4;2;;NI-102-2, NI-105-1, NI-105-2;2;;NI-102-1, NI-103-1, NI-103-3, NI-104-1;2;;NI-100-2
16;ZPM/NI;Vjeronauka;H;8;V5;Katolička crkva u Hrvata danas;Da;viktimologija ZPM-107-a, ZPM-109-a;Da;mir NI-107-2, odgovornost NI-108-2, ZPM-108-a, ZPM-108-c;Da;pobožnost NI-108-1;redukcija;2;NI-108-4;NI-110;2;;NI-108-3, NI-111-1;0;;;0;;
17;ZPM/NI;Vjeronauka;H;8;V5;Prošao je zemljom čineći dobro;Da;pluralizamkaoproblem ZPM-119-a;Da;solidarnost ZPM-117-a, ZPM-117-e, mir NI-114-1, jednakost NI-114-2, NI-120-1, ZPM-115-b, ZPM-116-a, skromnost NI-115-1, odgovornost NI-119-2;Da;pobožnost;redukcija;2;;NI-119-3;1;ZPM-117-c, NI-120-2;NI-117-1;2;;NI-119-4 ;0;;
18;ZPM/NI;Vjeronauka;H;8;V5;Ljubio nas je do kraja;Ne;;Da;ljubav ZPM-121-a;Da;pobožnost;mistifikacija, redukcija;2;ZPM-127-b, NI-127-4;NI-123-2, NI-124-1, NI-124-4, NI-127-1;1; NI-124-2, NI-127-2 ;NI-127-3;2;;NI-121, NI-122, NI-123-1, NI-124-3, NI-125;0;;
19;ZPM/NI;Vjeronauka;H;8;V5;Ko je Isus Krist;Ne;;Da;jednakost ZPM-132-c ;Da;pobožnost;redukcija;2;;ZPM-130-a, NI-129-2, NI-129-3, NI-132-1, NI-133-2;2;NI-131-1;NI-129-1, NI-130-1 ;2;;NI-128, NI-131-2;0;;
20;ZPM/NI;Vjeronauka;H;8;V5;U potvrdi primamo Duha Svetoga;Ne;;Ne;;Ne;;;2;;ZPM-138-a, NI-139-1, NI-139-2;2;NI-141-2;NI-138-1;2;;NI-136-1, NI-141-1;0;;
21;ZPM/NI;Vjeronauka;H;8;V5;Duh božji u Svetom pismu;Ne;;Ne;;Ne;;;2;;NI-148;2;;NI-145, NI-147, NI-148;0;;;0;;
22;ZPM/NI;Vjeronauka;H;8;V5;Duh sveti u Crkvi;Ne;;Da;odgovornost ZPM-152-b ;Da;pobožnost NI-153-1;mistifikacija, imputacija;2;;NI-150-1, NI-150-3, NI-153-3;2;;NI-150-5, NI-150-6, NI-151-1, NI-153-2;2;;NI-149-1, NI-149-2, NI-149-3, NI-150-2;2;;ZPM-152-a, NI-150-4
23;ZPM/NI;Vjeronauka;H;8;V5;Izbor životnog zvanja;Ne;;Da;jednakost ZPM-157-b, odgovornost NI-156, saradnja NI-157, sloboda NI-158-2, ZPM-159-c;Da;pobožnost NI-159-1;insinuacija;1;ZPM-156-a, NI-159-3;;1;ZPM-159-b, NI-159-2;;1;ZPM-158-d;;1;ZPM-158-b;NI-158-1
24;ZPM/NI;Vjeronauka;H;8;V5;Rad i slobodno vrijeme;Ne;;Da;život ZPM-163-c, jednakost NI-162-1;Ne;;;2;;NI-160-3,  NI-163-2, NI-165, NI-166-1, NI-166-3;1;ZPM-160-b, ZPM-162-c;NI-160-4, NI-162-2;2;;NI-160-2;2;;NI-160-1, NI-163-1, NI-166-2
25;ZPM/NI;Vjeronauka;H;8;V5;Župa – zajednica vjere i života;Ne;;Ne;;Ne;;;2;;NI-168-2;2;;NI-169-1;2;;NI-167, NI-168-1;2;;
26;ZPM/NI;Vjeronauka;H;8;V5;Suodgovornost za pravedan život u društvu;Ne;;Da;odgovornost,  jednakost  ZPM-171-c, ZPM-171-d, ZPM-171-e, NI-170-1, NI-170-2, NI-170-3, NI-171-1, mir NI-172-1;Da;pobožnost NI-172-2;redukcija;1;ZPM-172-g, NI-172-4;;2;NI-172-5;NI-172-3;0;;;0;;
1;ZPM/NI;Vjeronauka;H;6;V1;Ja i drugi zajedno;Ne;;Da;život ZPM-7-a, odgovornost ZPM-7-b, ZPM-7-d, ZPM- 10-a, NI-8-1, jednakost ZPM- 9-a, NI-10-1, saradnja NI-7-1, NI-7-2, NI-8-2 , NI-9;Ne;;;1;ZPM-10-e, ZPM-10-g, ZPM-10-j, ZPM-k, ZPM-10-l, ZPM-10-m, NI-10-3, NI-10-7;NI-10-8;1;ZPM-8-b, NI-10-4 ,NI-10-5 , NI-10-6;;1;ZPM-10-b, ZPM-10-c, ZPM-10-d, NI-10-2;;0;ZPM-8-g;
2;ZPM/NI;Vjeronauka;H;6;V1;Pravila dobrih odnosa, poštovanja i zajedništva;Ne;;Da;odgovornost ZPM-11-a, ZPM- 11-e, ZPM-11-f, ZPM -13-b, ZPM-13-c, NI-13-1, solidarnost  ZPM-11-b, ZPM-11-c, ZPM-13-c, saradnja ZPM-11-e, ZPM-11-d, ZPM-12-b, ZPM-13-a, ZPM-13-b, NI-11-1, NI-11-3, život ZPM-11-d, ZPM-12-a, ZPM-12-c, sloboda ZPM-13-a;Da;pobožnost  NI-11-2;redukcija;1;ZPM-13-e, ZPM-13-f, NI-13-2;NI-13-4 ;1;ZPM-13-d, ZPM-13-e, ZPM-13-f, NI-13-3, NI-13-5;;1;NI-13-6;;0;;
3;ZPM/NI;Vjeronauka;H;6;V1;Šta je religija? Početak religije;Da;pluralizamkaoproblem, nejednakost, neravnopravnost;Da;solidarnost ZPM-15-a, ZPM-15-c, saradnja, jednakost ZPM-15-b, život ZPM-16-a, ZPM-16-b, ZPM-16-c, odgovornost ZPM-16-c ;Ne;;;1;ZPM-19-b, ZPM-19 -e, NI-19-4;NI-17;2;ZPM-19-c, NI-19-6;N-19-5, NI-19-7;1;ZPM-19-d, NI-18;;2;;NI-15-2
4;ZPM/NI;Vjeronauka;H;6;V1;Velike monoteističke religije: Židovstvo i Islam;Ne;;Da;saradnja ZPM-20-a, ZPM-21-a, ZPM-22-b, ZPM-23-f, NI-23-3, dostojanstvo ZPM-23-a, jednakost ZMP-23-b, život NI-20-1, saradnja ;Da;pobožnost NI-20-2;redukcija, imputacija;1;ZPM-23-d, NI- 23-1, NI-23-5;;1;ZPM-23-e, ZPM-23-f ;NI-23-4, NI-23-4;1;ZPM-23-c, NI-22;;0;;
5;ZPM/NI;Vjeronauka;H;6;V1;Kršćanstvo ;Ne;;Da;jednakost ZPM-24-a, NI-24-1;Da;pobožnost ZPM-24-a, NI-24-3;redukcija, mistifikacija;1;NI-25-1;;1;ZPM-25-b, ZPM-25-c;NI-25-2, NI-25- 3;0;;;0;;
6;ZPM/NI;Vjeronauka;H;6;V1;Različiti ali povezani;Ne;;Da;jednakost ZPM-26-a, ZPM-26-c, ZPM-26-d, ZPM-26-f, NI-27-1, NI-27-2, odgovornost ZPM- 27-a, NI-26-3, sloboda  ZPM-27-a,ZPM-27-b, saradnja NI-26-1, NI-26-2;Da;pobožnost ZPM-26-c, ZPM-26- d, ZPM-26-e, ZPM-26-f;redukcija;1;NI-27-3, NI-27-4,  NI-27-5, NI-27-6;;1;ZPM-27-d, ZPM-27-f, NI-27-7; NI-28;0;;;0;;ZPM-27-b 
7;ZPM/NI;Vjeronauka;H;6;V1;Biblija: posebna knjiga riječi i života;Ne;;Ne;;Ne;;;1;ZPM-31-b, ZPM-31-c, NI-31-4;;2;ZPM-31-b, NI-31-3;NI-31-2, NI-31-1;2;ZPM-30-a, ZPM-31-a, ZPM-31-c, ZPM-31-d;;0;;
8;ZPM/NI;Vjeronauka;H;6;V1;Kako upoznati i razumjeti Bibliju i koristiti se njome;Da;neravnopravnost NI-34-1 ;Da;solidarnost  ZPM-35-a, ZPM-36-c, odgovornost  ZPM-35-a, NI-36-3, NI-36-4, život ZPM-36-b, ZPM-36-c, jednakost  NI-37;Da;pobožnost  ZPM-35-a, ZPM-36-b;redukcija;1;ZPM-35-a, ZPM-40-a, NI-34-2, NI-40-2;;1;ZPM-34-a, ZPM-34-c, ZPM-40-b, ZPM-40-c, ZPM-40-d, ZPM-40-e, ZPM-40-f, NI-40-1, NI-40-3;NI-36-1, NI-40-4;2;ZPM-34-b, ZPM-35-b, ZPM-36-c;NI-36-2;0;;
9;ZPM/NI;Vjeronauka;H;6;V1;Život i vjera ljudi u “plodnom polumjesecu”;Ne;;Da;život ZPM-42-a, ZPM-42-b, ZPM-42-c, ZPM-42-d, ZPM-42-e;Da;tradicija ZPM-42-a, ZPM-42-b, ZPM-44-c, pobožnost ZPM-42-a;redukcija ZPM-42;1;ZPM-42-e, ZPM- 44-a, ZPM-44-c, ZPM-44-d, NI-44-1, NI-44-2, NI-44-3;;1;ZPM-42-a, ZPM-42-e, ZPM-44-b, ZPM-44-f, NI- 44-4;;2;ZPM-44-e;NI-44-1 NI-44-2;0;;
10;ZPM/NI;Vjeronauka;H;6;V1;Abraham, brak i Jakov;Da;sukob ZPM-45, ZPM-50-a, pokornost;Da;sloboda ZPM-46-a, odgovornost ZPM-46-a, jednakost ZPM-53-a, ZPM-53-c, solidarnost  ZPM-50-c, život ZPM-53-b, NI-55;Da;pobožnost  ZPM-46-b, ZPM-46-c, ZPM-53-b, ZPM-55-a;redukcija;1;ZPM-54-b, NI-53, NI-54-1;;2;ZPM-54-a, ZPM-54-b, ZPM-54-c, ZPM-54-d, NI-54-4;NI-52-1,  NI-54-2 ,NI-54-3;2;ZPM-54-c, ZPM-55, NI-50-3 ;NI-50-2;0;;
11;ZPM/NI;Vjeronauka;H;6;V1;Davidovo vrijeme: prvi kraljevi;Da;neravnopravnost NI-57-1;Da;jednakost, sloboda  ZPM-58-a, odgovornost ZPM-58-b, ZPM-59-a, život ZPM-59-c;Da;pobožnost  ZPM-58-a, ZPM-58-b, ZPM-59-a, ZPM-59-b, ZPM-59-c, ZPM-59-d;redukcija;2;ZPM-56-a, ZPM-59-b;NI-57-2;2;ZPM-59-c;NI-59-3;0;NI-59-1;;0;;
12;ZPM/NI;Vjeronauka;H;6;V1;Davidov životni put – moć i odgovornost;Da;nasilje NI-62-1, NI-62-2;Da;jednakost ZPM-63-a, život ZPM-63-b, solidarnost ZPM-64-a, ZPM-65-b, ZPM-68-a, saradnja NI-67 ;Da;pobožnost ZPM-64-a, ZPM-64-b, ZPM-68-a, ZPM-68-b, ZPM-68-c, ZPM-68-d, ZPM-68-e;redukcija;2;ZPM-68-a, ZPM-68-d;NI-63-2;1;ZPM-68-c, ZPM-68-e, NI-68-1, NI-68-3;NI-66, NI-68-2, NI-68-4;2;ZPM-63-a, ZPM-63-b ;;0;;
13;ZPM/NI;Vjeronauka;H;6;V1;Mudrost kralja Salmona;Da;okrutnost  NI-69-4, NI-69-5, NI-69-6;Da;život  ZPM-72-a, ZPM-72-b;Ne;;;2;ZPM-71-a, ZPM-71-c, NI-71-4;NI-69-1, NI-69-2, NI-69-3;2;ZPM-71-b;NI-71-1, NI-71- 2;1;ZPM-70-a, NI-70;;0;;
14;ZPM/NI;Vjeronauka;H;6;V1;Isus Krist – ostvaritelj novoga svijeta;Ne;;Da;život  ZPM-76-a, ZPM-76-b, ZPM-76-d, ZPM-77-a, ZPM-79-a, jednakost ZPM-76-b, ZPM- 76-c, ZPM-76-e, ZPM-76-f, ZPM-77-a, ZPM- 80-b, NI-77, odgovornost ZPM-76-c, ZPM-76-g, ZPM-77-a, ZPM-79-a, NI-79-1,NI-79-2,NI-79-3, solidarnost ZPM-76-g, ZPM- 76-h, ZPM-79-b;Da;pobožnost ZPM-76-a, ZPM-76-b, ZPM-76-c, ZPM-76-d, ZPM-76-e, ZPM-76-f, ZPM-76- g, ZPM-76-h, ZPM-77-a, ZPM-79-a, ZPM-79-b, ZPM-79-c, ZPM-80-d, NI-78;redukcija;1;ZPM-80-b, ZPM-80-c, ZPM-80-d, NI-80-1, NI-80-3 ;NI-75, NI-80-5;1;ZPM-80-e, ZPM-80-f, NI- 80-4;NI-80-2;2;ZPM-80-a;;0;;
15;ZPM/NI;Vjeronauka;H;6;V1;Isus prema drugima – susreti mogu promijeniti ;Ne;;Da;jednakost ZPM-81-a, ZPM-81-b, odgovornost  ZPM-81-a, ZPM-81-c, ZPM-81-d, ZPM-81-e, ZPM-84-a, ZPM-84-b, ZPM-84-c, život ZPM-83-a, ZPM-84-b;Da;pobožnost ZPM-81-a, ZPM- 81-b, ZPM-81-c, ZPM-81-d, ZPM-81-e, ZPM-83-a, ZPM- 84-a, NI-81-2;redukcija;1;ZPM-84-c, ZPM-84-e, ZPM-84-f, NI-80-3, NI-83-3, NI-83-5 ;NI-83-4;1;ZPM-84-d, ZPM-84-g, NI-83 ;NI-83-2;1;ZPM-82-a, NI-84-1;;0;ZPM-84-c;
16;ZPM/NI;Vjeronauka;H;6;V1;Isusovi učenici – svjedoci istine i ljubavi;Da;neravnopravnost NI-85;Da;mir ZPM-85-a, jednakost ZPM-86-a, ZPM-86-d, odgovornost  ZPM-86-b, ZPM-86-c, ZPM-86-d, ZPM-86-h, solidarnost ZPM-86-e ;Da;pobožnost ZPM-85-a, ZPM-86-c, ZPM-86-e;redukcija;0;ZPM-86-f;;1;ZPM-86-g, ZPM-86-h, NI-86-7;NI-86-6;1;NI-86-4;;0;;
17;ZPM/NI;Vjeronauka;H;6;V1;Život prvih kršćana;Da;okrutnost  ZPM-89, neravnopravnost ZPM- 88 ;Da;odgovornost ZPM-89-a, ZPM-91-a, jednakost ZPM-89-b, NI-91-2, saradnja ZPM-90-b;Da;pobožnost ZPM- 89-a, ZPM-89-b, NI-91-2;redukcija ZPM-88, ZPM-89-c;2;ZPM-91-b, ZPM-91-d;NI-90, NI-91-1;2;ZPM-91-c, ZPM-91-e;NI-91-3;0;;;0;;
18;ZPM/NI;Vjeronauka;H;6;V1;Život apostola Petra;Ne;;Ne;;Ne;;;2;ZPM-95-a, ZPM-95-c, ZPM-95-e;NI-94 ;2;ZPM-95-b, ZPM-95-d, NI-95-2 ;NI-95-1;0;;;0;;
19;ZPM/NI;Vjeronauka;H;6;V1;Život apostola Pavla;Da;okrutnost NI-101, neravnopravnost NI-102-4 ;Da;jednakost ZPM-102-a, ZPM-102-b, ZPM-102-c, NI-102-2, saradnja ZPM-103-a;Da;pobožnost ZPM-102-a, ZPM-102-b, ZPM-102-c, ZPM-103-a, NI-102-1;redukcija;2;ZPM-102-e, NI-102-3, NI-102-6, NI-102- 8;NI-96-1, NI-96-2, NI-99;2;ZPM-102-c, ZPM-102-d;NI-102-5, NI-102-7, NI-102-9;0;ZPM-103-a ;;0;;
20;ZPM/NI;Vjeronauka;H;6;V1;Biti Kristov učenik – poziv i poslanje;Ne;;Da;odgovornost ZPM-105-a;Da;pobožnost ZPM-105-a, ZPM-106-c, ZPM-106-d, ZPM-106-e;;2;NI-104-1;NI-104-2 ;2;ZPM-106-b, ZPM-106-c, ZPM-106-d, ZPM-106-e, NI-106-4;NI-106-1, NI-106-2, NI-106-3, NI-106-5;0;;;0;;
21;ZPM/NI;Vjeronauka;H;6;V1;Uzori vjere u hrvatskom narodu;Ne;;Da;jednakost NI-109-2, NI-109-3;Da;pobožnost  ZPM-107-a, ZPM-109-b, ZPM-109-c, ZPM-110, NI-109-1;redukcija, mistifikacija ;2;ZPM-110-b, ZPM-110-d ;NI-107-2, NI-108, NI-109-3;2;ZPM-110-c, NI-110-2, NI-110-3;NI-110-1 ;0;;;0;;
22;ZPM/NI;Vjeronauka;H;6;V1;Kada i gdje se pojavljuje molitva;Da;neravnopravnost ZPM-115-b;Ne;;Ne;;;2;ZPM-115-c, ZPM-115-d;NI-113-1;2;ZPM-115-e, ZPM-115-f;NI-115-3;2;;NI-115-2;0;;
23;ZPM/NI;Vjeronauka;H;6;V1;Kršćanska molitva – oblici, načini i vrijeme molitve;Ne;;Da;odgovornost ZPM-116-a, solidarnost ZPM-123-a, ZPM-123-b, NI-119;Da;pobožnost ZPM-116-a, ZPM-119-a;redukcija;1;ZPM-123-f, ZPM-123-g, ZPM-123-h, NI-123-4;;2;ZPM-123-c, ZPM-123-e;NI-122, NI-123-3, NI-123-5;1;ZPM-119-a, NI-118, NI-123-1;NI-123-2 ;0;;
24;ZPM/NI;Vjeronauka;H;6;V1;Vjerski život židova, muslimana i pripadnika drugih religija;Ne;;Ne;;Ne;;;1;ZPM-128-a, ZPM-128-f, NI-128-2;;2;ZPM-128-d, ZPM-128-e, NI-128-3;NI-128-1;0;;;0;;
25;ZPM/NI;Vjeronauka;H;6;V1;Biblija u umjetnosti;Ne;;Ne;;Ne;;;1;ZPM-133-a, ZPM-133-b, ZPM-133-c, ZPM-133-d, ZPM-133-e, ZPM-133-f, NI-133-1;NI-133-3;2;ZPM-133-g;NI-129-1, NI-129-2, NI-130-4, NI-130-5, NI-130-6, NI-131-1, NI-131-2;1;ZPM-129-a, ZPM-132-a, ZPM-132-b, ZPM-133-c, ZPM-133-d, NI-130-1, NI-130-2, NI-130-3;;0;;
26;ZPM/NI;Vjeronauka;H;6;V1;Dijelovi svijeta u kojima se Kršćanstvo intenzivno širi;Ne;;Da;odgovornost, solidarnost  ZPM-135-a, ZPM-135-b, NI-135-1;Ne;;;1;ZPM-135-c, ZPM-135-e, NI-135-2;NI-134-2;2;ZPM-135-d;NI-135-3;1;NI-134-1;;0;;
1;ZS/NI;Vjeronauka;H;7;V3;Jedinstveni smo i upućeni na druge;Ne;;Da;sloboda ZS-9-a, ZS-9-b, jednakost ZS-9-c, solidarnost ZS-10-a, saradnja NI-8-1,NI-8-2, NI-9-3;Da;pobožnost NI-10-1 ;redukcija ;1;ZS-10-c;;2;;ZS- 10-b;2;;;0;;
2;ZS/NI;Vjeronauka;H;7;V3;Izazovi u pubertetu;Ne;;Da;sloboda ZS-14-a, saradnja, život ZS-14-b, odgovornost NI-16-2;Da;pobožnost ZS-14-a;imputacija ZS- 17, redukcija NI;1;ZS-18-a;NI-16-1;1;;;1;NI-15 ;;0;;
3;ZS/NI;Vjeronauka;H;7;V3;Idoli i ideali u izgradnji osobnosti;Da;neravnopravnost NI-12-1;Da;sloboda ZS-21  ;Ne;;;2;;NI-21, NI-19;2;;ZS-22-b, ZS-22-c;2;;NI-22-2;2;;NI-20-1
4;ZS/NI;Vjeronauka;H;7;V3;Zamke savremenih ovisnosti;Da;neravnopravnost NI-29-1 ;Ne;;Ne;;;2;;NI-29-2;2;;;2;ZS-29-b ;;2;;ZS-27-a, ZS-28-a, NI-26-1
5;ZS/NI;Vjeronauka;H;7;V3;Savjest – Božiji glas u čovjeku;Ne;;Da;sloboda, jednakost ZS-33-a, odgovornost NI-34-1;Da;pobožnost ZS-33-a, NI-34-2;redukcija, mistifikacija, imputacija;2;;NI-32;2;NI-34-3;ZS-34-b ;2;;ZS-34-a;2;;ZS-33-b
6;ZS/NI;Vjeronauka;H;7;V3;Božije zapovijedi – put u slobodu;Da;neodgovornost ZS- 39-a, neravnopravnost NI-35-2;Da;život, mir, sloboda, sigurnost ZS-37-b, mir ZS-38-a, saradnja, jednakost, solidarnost ZS-38-b, NI-39-1;Da;pobožnost ZS-35,  ZS-40-a, NI-39-2, NI-40-2;ignorancija ZS-37-a, imputacija ZS-38-c, redukcija NI;1;NI-40-2, NI-40-3;;2;;NI-40-1;1; NI-37;ZS-40-b, NI-35-1;0;;
7;ZS/NI;Vjeronauka;H;7;V3;Ljubav prema Bogu;Ne;;Ne;;Ne;;;2;;ZS- 47-c;2;NI-47-2, NI-47-4;ZS-47a, ZS-47-b, NI-47-1 ;2;;;0;;
8;ZS/NI;Vjeronauka;H;7;V3;Poštivanje roditelja i starijih;Da;neodgovornost  ZS-50, neravnopravnost  NI-48-2;Da;solidarnost NI-48-1;Da;pobožnost NI-50-1;redukcija;2;;;2;;ZS-49-b, ZS- 50-b ;2;;ZS-48, ZS- 49-a;2;;NI-49-1
9;ZS/NI;Vjeronauka;H;7;V3;Svetost ljudskog tijela;Ne;;Da;život ZS- 51-b, ZS- 52-b, NI-51-2, odgovornost ZS-53-a, jednakost, mir ZS-53;Da;pobožnost NI-51-3;ignorancija ZS-51-a, imputacija ZS-51-c, redukcija ZS-52-a;2;;ZS-52-c, NI-52-3, NI-54-1;2;;ZS-54-b;2; NI-52-2 ;NI-51-1, NI-52-1, NI-52-4, NI-52-5 ;2;;NI-53-1, NI-52
10;ZS/NI;Vjeronauka;H;7;V3;Dostojanstvo ljudskog tijela;Da;neravnopravnost NI-57-1, NI- 59-2;Da;jednakost ZS-56-b;Da;pobožnost;insinuacija ZS-57-a;2;;ZS-60-c, NI-59-1;2;;NI-56-3, NI-60-1;2;;ZS- 60-b, ZS-56-a, NI-56- 2, NI-60-2;2;;ZS-59, ZS-60-a, NI-57-2 
11;ZS/NI;Vjeronauka;H;7;V3;Poštivanje tuđe imovine;Ne;;Da;odgovornost ZS-61-b, solidarnost ZS-61-c, ZS-61-d, ZS-62-c, NI-62-4, NI-62-3, jednakost ZS-62-a, NI-61-4, saradnja ZS-62-b, NI-61-3 ;Ne;;;1;ZS-65-b  ;;2;;ZS- 65-a;0;;;2;;ZS-64-a, ZS-64-b
12;ZS/NI;Vjeronauka;H;7;V3;Poziv na istinoljubivost;Ne;;Da;jednakost ZS-67-a, NI-66-3, sloboda ZS-67-b, odgovornost NI-66-2, NI-66-4, NI-67-1, saradnja NI-66-1;Ne;;;2;ZS-67-c;NI-67-3, NI-67-5;2;;ZS-67-d;0;;;0;;
13;ZS/NI;Vjeronauka;H;7;V3;Judaizam;Ne;;Da;saradnja ZS-68;Ne;;;2;;ZS-79-b, NI-72, NI-79-2 ;2;NI-79-4, NI-79-6;ZS-79-a ;1;ZS-72, ZS-74;;2;;ZS-75, ZS-76
14;ZS/NI;Vjeronauka;H;7;V3;Dijalog židovstva i Katoličke crkve;Ne;;Da;saradnja ZS-80-a, ZS-81-c, ZS- 83-c, NI-80- 2, NI-81-2, život, solidarnost ZS-82-b, odgovornost NI-82-1, jednakost NI-83-1;Da;;relativizacija;1;ZS-83-b;;2;;ZS-83-a ;0;;;1;;ZS-81-d
15;ZS/NI;Vjeronauka;H;7;V3;Proroci govore u Božije ime;Ne;;Ne;;Ne;;;1;NI-89-4;;2;;NI-89-1, NI-89-2, NI-89-3 ;2;NI-87-1 ;;0;;
16;ZS/NI;Vjeronauka;H;7;V3;Proroci – čuvari Saveza;Ne;;Da;sloboda ZS-90, ZS-94-b, jednakost ZS-91, solidarnost ZS-93, odgovornost ZS-94-a;Ne;;;2;;NI-98-1;2;;ZS-99-a ;2;;;0;;
17;ZS/NI;Vjeronauka;H;7;V3;Glasnici nade i izbavljenja;Ne;;Da;odgovornost, jednakost ZS-100 ;Ne;;;2;;;2;;NI-105-1;2;;;0;;
18;ZS/NI;Vjeronauka;H;7;V3;Isus Krist – ispunjenje starozavjetnih proročanstava;Da;neravnopravnost NI-109-1;Ne;;Ne;;;2;;NI-106-1, NI-109-3 ;2;;ZS-109-b ;2;;ZS-109-c;0;; 
19;ZS/NI;Vjeronauka;H;7;V3;Isusova želja za jedinstvom;Da;neravnopravnost NI-113-1 ;Ne;;Ne;;;2;NI-114-3;NI-114-1;2;;NI-114-2, NI-114-4 ;2;;;2;;ZS-114-c
20;ZS/NI;Vjeronauka;H;7;V3;Kršćani na drugi način;Ne;;Da;jednakost NI-115-1, saradnja NI-121;Da;teritorij, pobožnost NI-116-1, NI-120-1;imputacija, relativizacija;1;NI-123;NI-123-3 ;2;;NI-123-2, NI-123-4, NI-123-6, NI-123-5;2;;;0;;
21;ZS/NI;Vjeronauka;H;7;V3;Ekumenski pokret;Ne;;Da;saradnja ZS-125-a, ZS-125-b, ZS-126-b, NI-126-2;Ne;;;2;;;1;ZS-127-a;NI-127-1;0;;;0;;
22;ZS/NI;Vjeronauka;H;7;V3;Iskustvo grijeha i krivnje;Ne;;Ne;;Ne;;;2;;NI-131-1;2;;NI-133-1, NI-133-2;2;;NI-132-1;0;;
23;ZS/NI;Vjeronauka;H;7;V3;Pomirenje s Bogom i ljudima;Ne;;Da;sloboda ZS-135-a, odgovornost ZS-136, ZS-137, NI-138-1, jednakost  NI-135-3;Da;pobožnost NI-135-2, NI-138-2;redukcija;1;ZS-141-a, ZS-141- b,  NI-141-2;;2;NI-141-4;NI-141-1, NI-141-3;2;;;0;;
24;ZS/NI;Vjeronauka;H;7;V3;Pred tajnom smrti;Ne;;Da;solidarnost ZS-146, odgovornost NI-146, život NI-147-1;Da;pobožnost  NI-147-2;redukcija;2;NI-148-5;NI-148-3;2;NI-148-2;NI-148-1, NI-148-4;2;;;0;;
25;ZS/NI;Vjeronauka;H;7;V3;O životu nakon smrti;Ne;;Da;solidarnost, jednakost ZS-152-b, ZS-154, odgovornost NI-151, NI- 152;Da;pobožnost NI-153-1, NI-153-2, NI-153-3;;2;ZS-158-a, NI-158-1;NI-155;1;NI-158-2, NI-158-5;;1;ZS-149, ZS-151;NI-154,  NI-158-3, NI-158- 4;0;;
26;ZS/NI;Vjeronauka;H;7;V3;Živimo u vjeri, nadi i ljubavi;Ne;;Da;ljubav ZS-166,  solidarnost, saradnja, odgovornost  NI-159-1,NI-159-2, NI-159-4,  NI-161, NI-160-3, ZS-160, ZS-161,;Da;pobožnost  NI-159-3, NI-160-1, NI-160-2, NI-164-1, NI-164-2; redukcija, imputacija, mistifikacija;2;ZS-167-b;NI-167-3, NI-167-4;1;NI-167-2, NI-167-5 ;NI-167-1;2;;;0;;
1;NI/ZS;Vjeronauka;S;7;V7;Predgovor;Ne;;Ne;;Ne;;;0;;;2;;ZS-5-c;2;;ZS-5-a;0;;
2;NI/ZS;Vjeronauka;S;7;V7;Stari Sloveni;Ne;;Ne;;Ne;;;2;;NI-7-2, NI-7-3, NI-8-1;2;;NI-8-2, NI-8-3, ZS-8-b  ;1;;NI- 7-1, ZS-7-c;2;;
3;NI/ZS;Vjeronauka;S;7;V7;Prvo krštavanje Srba u vrijeme cara Iraklija;Ne;;Ne;;Ne;;;2;;NI-10-2, NI-10-3;2;;NI-10-1, NI-10-4, NI-10-5;2;;;0;;
4;NI/ZS;Vjeronauka;S;7;V7;Osnivanje Raške države;Da;pluralizamkaoproblem ZS-12-b;Ne;;Ne;;;2;;NI-12-2;2;;NI-12-3, NI -13, NI-12-1;2;;;0;;
5;NI/ZS;Vjeronauka;S;7;V7;Misionarski rad Sv. Braće Ćirila i Metodija;Ne;;Ne;;Ne;;;2;;NI-14-2, NI-14-1;2;;NI-15-1, NI-15-2, NI-15-3;2;;;2;;ZS-14, ZS-15-a
6;NI/ZS;Vjeronauka;S;7;V7;Veliki župan Stefan Nemanja;Da;neprijateljstvo NI-16 -2, NI-17-1, NI-17-2, neravnopravnost ZS-16, represija ZS-17-a ;Ne;;Ne;;;2;;NI-16 -1, NI-16-2, ZS-17-b;2;;NI-16-3,  NI-17-2, NI-17-3, ZS-17-c ;2;;ZS-17-a;0;;
7;NI/ZS;Vjeronauka;S;7;V7;Sveti Sava;Ne;;Ne;;Ne;;;2;;NI-20-1 ;2;;NI-18-1, NI-20-3, ZS-20-c;2;;NI-18-2, NI 19-3;0;;
8;NI/ZS;Vjeronauka;S;7;V7;Povratak Svetog Save u Srbiju i mirenje braće;Ne;;Ne;;Ne;;;2;;NI-21-1, NI-21-2 ;2;;NI-22-1, NI-22-3, ZS-22-c ;2;;;2;;
9;NI/ZS;Vjeronauka;S;7;V7;Rad Svetog Save na samostalnosti i organizaciji srpske crkve;Da;neprijateljstvo ZS-24-a;Ne;;Ne;;;2;;ZS-24-b;2;;NI-25-1, NI-25-2;2;;;0;;
10;NI/ZS;Vjeronauka;S;7;V7;Putovanje Svetog Save na istok, smrt u Trnovu i prenos moštiju;Ne;;Ne;;Ne;;;2;;NI-26-1, NI-27-2 ;2;;NI-27-1;2;;;0;;
11;NI/ZS;Vjeronauka;S;7;V7;Književni rad Svetog Save, rad na prosvjeti, njegov značaj za crkvu i državu;Ne;;Ne;;Ne;;;2;;NI-29-1, NI-29-2, NI-29-3, NI-29-4;2;;NI-29-5, NI-29-6;2;;;2;;
12;NI/ZS;Vjeronauka;S;7;V7;Nasljednici Svetog Save;Ne;;Ne;;Ne;;;2;;NI-30, ZS-31-b;2;;NI-30-1, NI-30-2 ;2;;;0;;
13;NI/ZS;Vjeronauka;S;7;V7;Arhiepiskop Danilo i njegov književni i prosvjetni rad;Ne;;Ne;;Ne;;;2;;NI-32, NI-33-1, NI-33-2;2;; NI-33-3, NI-33-5,  NI-33-4 ;2;;;0;;
14;NI/ZS;Vjeronauka;S;7;V7;Srpski vladati kao zadužbinari i svetitelji;Ne;;Da;solidarnost NI-34-1;Da;pobožnost, porijeklo, teritorij NI-34-2, NI-34-3;redukcija, mistifikacija, imputacija;2;;;2;;NI-35-2, ZS-35-a;2;;;2;;ZS-35-b
15;NI/ZS;Vjeronauka;S;7;V7;Kraljevi: Vladislav, Uroš I, Dragutin, Milutin, Stefan Dečanski i njihove zadužbine;Ne;;Da;solidarnost NI-36-1,  NI-36-2 ;Da;pobožnost NI-36-3, NI-38-1;relativizacija, insinuacija, redukcija ;2;;NI-36-4,  NI-37-1,  NI-37-2;2;;ZS-38-a;2;;;2;;
16;NI/ZS;Vjeronauka;S;7;V7;Car Dušan ;Ne;;Ne;;Ne;;;2;;NI-39-1, NI-39-2, NI-40, NI-41-1, ZS- 40;2;;NI-41-2, NI-41-3 ;2;;;0;;
17;NI/ZS;Vjeronauka;S;7;V7;Knez Lazar;Ne;;Ne;;Ne;;;2;;NI-43, NI-44-1;2;;ZS-44;2;;;0;;
18;NI/ZS;Vjeronauka;S;7;V7;Kosovsko opredjeljenje i kosovska etika;Da;neravnopravnost, neodgovornost ZS-45-c, poticanjenažrtvovanje ZS- 46-c, represija, neprijateljstvo ZS- 46-d, glorifikacijaubistva ZS- 46-e, rat ZS-46-g ;Da;sloboda ZS-45-a, ZS-45-b, ZS-46-b, odgovornost NI-45-4;Da;teritorij, porijeklo, pobožnost, simboli ZS-45-a, ZS-45-b, NI-46-1, NI-46-3, NI-46-4,;mistifikacija, imputacija, redukcija;2;;NI-45-1, NI-45-2, NI-45-3;2;;NI-47-1, NI-47-2;2;;;2;;
19;NI/ZS;Vjeronauka;S;7;V7;Srpska crkva poslije kosovske bitke kao nosilac jedinstva srpskog naroda;Ne;;Ne;;Ne;;;2;;NI-48-1;2;;NI-48-2, NI-49-1, NI-50-2, NI-50-3;2;;;2;;ZS-48-a
20;NI/ZS;Vjeronauka;S;7;V7;Patrijarh Makarije Sokolović i obnova Pećke patrijaršije;Ne;;Ne;;Ne;;;2;;NI-51-2, NI-51-1 ;2;;NI-52-1, Ni- 52-2, NI-52-3;2;;;0;;
21;NI/ZS;Vjeronauka;S;7;V7;Pokret za oslobađanje od Turaka;Ne;;Da;sloboda ZS-53-b;Da;simboli, tradicija ZS-53-b;indukcija ZS-53-b, ;2;;NI-53-1, NI-54-1, NI-54-2;2;;ZS-54-c, NI-54-3;2;;NI-54-1, NI-54-2  ;0;;
22;NI/ZS;Vjeronauka;S;7;V7;Patrijarh Arsenije III i velika seoba Srba 1690. godine;Da;neravnopravnost NI-55-1, NI-55-2, NI-3, NI-55-4, NI-55-5, NI-57-1, neprijateljstvo;Da;sloboda ZS-56;Da;simboli ZS-56;;2;;NI-57-2;2;;NI-57-3, NI-57-4;2;;;0;;
23;NI/ZS;Vjeronauka;S;7;V7;Druga seoba Srba od 1737-1739. godine;Ne;;Ne;;Ne;;;2;;;2;;NI-59-1, NI-59-2  ;2;;;0;;
24;NI/ZS;Vjeronauka;S;7;V7;Karlovačka mitropolija;Da;neravnopravnost NI-60-1, neprijateljstvo ZS-60, pluralizamkaoproblem ZS-63;Ne;;Ne;;;2;;NI-60-2, NI-60-3;2;;NI-62, NI-63;2;;;0;;
25;NI/ZS;Vjeronauka;S;7;V7;Mitropolitan Stefan Stratimirović;Da;nejednakost, isključivost ZS-67-a ;Ne;;Ne;;;2;;NI-65-1, NI-66, NI-67-1;2;;NI-65-2, NI-67-2, NI -68, ZS-67-b;2;;ZS-65;0;;
26;NI/ZS;Vjeronauka;S;7;V7;Drugi srpski ustanak;Ne;;Ne;;Ne;;;2;;NI-70-2, NI-71;2;;NI-70-2,  NI-73, ZS-72;2;;;0;;
27;NI/ZS;Vjeronauka;S;7;V7;Srpska crkva u Crnoj Gori i Dalmaciji;Da;nasilje NI-75-1, neprijateljstvo NI-75-2;Da;sloboda, život ZS-77-a;Da;porijeklo, pobožnost ZS-77-a;;2;;NI-77-1, NI-77-2, NI-77-3 ;2;;NI-75-2, NI-75-3, NI-75-4, NI-78-1, NI-78-2;2;;;0;;
28;NI/ZS;Vjeronauka;S;7;V7;Srpska crkva u Bosni i Hercegovini za vrijeme Turaka i Austrougarske monarhije;Da;neravnopravnost NI-81, neprijateljstvo ZS-82, nejednakost ZS-85-a;Ne;;Ne;;;2;;NI-80, NI-82-3, NI-82-1, NI-84-1, NI-84-3, NI-85-1 ;2;;NI-83-1, NI-83-2, NI-85-2, NI-85-3;0;;;2;;ZS-82-d, ZS-83, ZS-84-a, ZS-84-b, ZS-85-a
29;NI/ZS;Vjeronauka;S;7;V7;Crkvena i narodna istorija 1918-1945. godine;Da ;neravnopravnost NI-86, neprijateljstvo NI-88-1, neodgovornost NI-88-4, pluralizamkaoproblem ZS-88-a;Ne;;Ne;;;2;;NI-87-2, NI-88-2;2;;NI-88-3, NI- 89;2;;ZS-88-c;0;;
30;NI/ZS;Vjeronauka;S;7;V7;Organizacija Srpske pravoslavne crkve;Da;pluralizamkaoproblem NI-91-1, NI-91-2, neravnopravnost, neprijateljstvo ZS-91-a;Ne;;Ne;;;2;;NI-91-1, NI-91-2;2;;NI-91-3, NI-91-4 ;2;;;0;;
1;ZPM/NI;Vjeronauka;B;7;V11;Prirodno je težiti uspjehu;Ne;;Da;odgovornost ZPM-6-a, ZPM-8-a, ZPM-8-e, ZPM-8-f, ZPM-8- d, ZPM-8-h, život ZPM-6-b, ZPM-7-a, ZPM-7-e, ZPM-7-f, ZPM-7-g, ZPM- 8-a, ZPM-8- g, ZPM -8-h, solidarnost ZPM-8-b, ZPM-8-c, ZPM-8-lj;Da;pobožnost;redukcija;1;ZPM-7-a, ZPM-8-i, ZPM-8-n, ZPM-7-2;;1;ZPM-7-c, ZPM-7-d, ZPM-8-j, ZPM-8-k, ZPM-8-lj, ZPM-8-m, NI-8-3 ;NI-7-1, NI-8-4;0;;;0;;
2;ZPM/NI;Vjeronauka;B;7;V11;Želje i stvarnosti;Ne;;Da;život ZPM-9-a, ZPM-10-f, odgovornost ZPM-9-b, ZPM-10-d, ZPM-10-f, ZPM-10-g, jednakost ZPM-9-c, dobročinstvo NI-10-3;Da;pobožnost  ZPM-10-d, ZPM- 10-g;redukcija;1;ZPM-11-j, ZPM-11-k;NI-12;2;;NI-10-1, NI-10-2, NI-11-2;0;ZPM-10-e;;0;;
3;ZPM/NI;Vjeronauka;B;7;V11;Upoznajmo sebe;Ne;;Da;život ZPM-13-a, ZPM-15-d, ZPM-15-f,  odgovornost ZPM-13-b, ZPM-13-c, ZPM-13-d, ZPM-15-g, ZPM-16-b, ZPM-16-c, ZPM-16-d, ZPM-16-e, ZPM-16-f, jednakost ZPM-16-a, solidarnost ZPM-16-b, ZPM-16-c, ZPM-16-e, ZPM-16-f, sloboda NI-15-3, saradnja NI-16-2;Da;pobožnost ZPM-13-c, ZPM-13-d, ZPM-15-d, ZPM-16-a, ZPM- 16-b, ZPM-16-e, ZPM-16-j, NI-15-4;redukcija;2;ZPM-15-a, ZPM-15-c;NI-15-2, NI-16-4, NI-16-5;2;; NI-15-1, NI-15-3, NI-15-4;2;;NI-16-1;2;;NI-16-3
4;ZPM/NI;Vjeronauka;B;7;V11;Kako graditi vlastitu ličnost;Ne;;Da;život ZPM- 17-a, ZPM-17-b, ZPM-18-a, ZPM-18-c, ZPM-18-d, ZPM-19-e, ZPM-19-f, ZPM-19-g, ZPM-19-lj, odgovornost ZPM-18-a, ZPM-18-b, ZPM-18-d, ZPM-19-h, ZPM-18-k, ZPM-18-n, solidarnost  ZPM-16-b, ZPM-16-c, ZPM-16- e, ZPM-16-f, ljubav, sigurnost NI-19-1;Da;pobožnost NI-19-2, NI-19-3;redukcija;2;;NI-18-2 ;2;;NI-18-1, NI- 18-3,  NI-20-1, NI-20-2, NI-21-1;0;;;0;;
5;ZPM/NI;Vjeronauka;B;7;V11;Svi smo jedinstveni ali trebamo jedni druge;Ne;;Da;život ZPM-22-b, ZPM-22-c, ZPM-24-a, odgovornost ZPM-22-e, ZPM-24-d, solidarnost ZPM-22-d, ZPM-22-e, ZPM-22-a, ZPM-24-c, ZPM-24-f, saradnja NI-22,  NI-24;Ne;;;1;ZPM-23-b, ZPM-23-c, ZPM-25-c, NI-25-3;;2;NI-25-2;NI-23-1, NI-23-2, NI-25-1;0;;ZPM-22, ZPM-24-b;0;;
6;ZPM/NI;Vjeronauka;B;7;V11;Moj tjelesni i duhovni razvoj;Ne;;Da;život ZPM-26-a, odgovornost ZPM-26-a, ZPM-26-b;Da;pobožnost ZPM- 26-c;mistifikacija;1;;ZPM-27-a, ZPM-27-b, ZPM-29-b;2;;NI-27, NI-28;0;;;0;;
7;ZPM/NI;Vjeronauka;B;7;V11;Razmirice i sukobi;Ne;;Da;saradnja ZPM-30-a, ZPM-30-c, odgovornost ZPM-30-a, ZPM-30-b, ZPM-30-c, NI-31-4;Da;patrijarhat ZPM-30-d, ZPM-30-e ;redukcija;1;NI-31-3, NI-32-3;;1;NI-31-2;NI-31-1;0;;;2;;NI-30
8;ZPM/NI;Vjeronauka;B;7;V11;Uzori i ideali u izgradnji identiteta;Ne;;Da;život ZPM-34-a, ZPM-34-b, ZPM-34-c, ZPM-34-d, saradnja ZPM-34-c, NI-36-1, odgovornost ZPM-35-a, ZPM-35-b, ZPM-35-c, ZPM-36-a, ZPM-36-b, dobrota NI-35-1;Da;pobožnost ZPM-35-c, ZPM-36-a, ZPM-36-f, ZPM-36-g, NI-35-2;redukcija, imputacija;1;ZPM-34-e, ZPM-36-c, ZPM-36-g, ZPM-37-a, NI-37-2;;2;NI-34-2, NI-37-1;NI-34-1, NI-36-2  ;0;;;0;;
9;ZPM/NI;Vjeronauka;B;7;V11;Stanje mog srca;Ne;;Da;život  ZPM-38-a, ZPM- 38-c, ZPM-38-d, ZPM-38-e, ZPM-39-g, ZPM-39-h, ZPM-39-i, ZPM- 40-a, solidarnost ZPM-38-a, ZPM-38-b, odgovornost ZPM-38-b, ZPM-39-a, ZPM-39-f, ZPM-40-a, dobrota NI-38-1;Da;pobožnost ZPM-38-d, ZPM-39-g;redukcija, insinuacija;1;ZPM-39-a, ZPM-39-d, ZPM-40-d, ZPM-42-a;;2;;NI-39- 1, NI-40-1, NI-42-1;0;;;0;;
10;ZPM/NI;Vjeronauka;B;7;V11;Pomozimo potrebne;Ne;;Da;odgovornost ZPM-43-a,  ZPM-43-b, ZPM-43-c, ZPM-44-d, ZPM-44-g, ZPM-44-h, ZPM-45-a, NI-43, NI-45-1, solidarnost ZPM-43-a, ZPM-43-b, ZPM-43-c, ZPM-44-d, ZPM-44-f, ZPM-44-g, ZPM-44-h, ZPM-45-a, saradnja ZPM-45-b;Da;pobožnost ZPM-43-d, ZPM-43-g, ZPM-43-h, ZPM-45-a, ZPM-45-b, ZPM-45-c, ZPM-45-d, ZPM-45-e, ZPM-45-f, ZPM-44-g, ZPM-44-h, NI-44-4;redukcija;1;ZPM-44-a, ZPM-45-f, ZPM-45-h, NI-44-2;;2;;ZPM-45-g, NI-44-1, NI-45-3;0;;;0;;
11;ZPM/NI;Vjeronauka;B;7;V11;Kur'an i ljudska prava;Ne;;Da;jednakost ZPM-46-a, ZPM- 46-c, ZPM-46-g, ZPM-46-h, ZPM-46-i, život ZPM-46-b, ZPM-46-g, ZPM-46-h, ZPM-46- i, ZPM- 47-a, ZPM-47-b, sloboda ZPM- 46-d,  ZPM-47-a, ZPM-47-b, odgovornost ZPM-46-e, ZPM-46-f, ZPM-46-i, NI-47-2, solidarnost ZPM-46-f;Da;pobožnost ZPM-46-a, ZPM-46-b, ZPM-46-c, ZPM-46-d, ZPM-46-e, ZPM-46-g, ZPM-46-h, ZPM-46-i;redukcija;1;;ZPM-47-c, ZPM-48-a, ZPM-48-c;2;;NI-47-1;0;;;0;;
12;ZPM/NI;Vjeronauka;B;7;V11;Brinimo o drugima;Ne;;Da;solidarnost ZPM-49-a,  ZPM-49-b, ZPM-49-d, ZPM-49-e, ZPM-49-g, ZPM-50-a, ZPM-50-e, ZPM-51-b, odgovornost ZPM-49-b, ZPM-49-d, ZPM-49-e, ZPM- 50-a, ZPM-50-b, ZPM-50-e, ZPM-51-a,  ZPM-51-b, život ZPM-49-c, saradnja ZPM-49-f ;Da;pobožnost ZPM-49-b, ZPM-49-f, ZPM-49-g, ZPM-50-b, ZPM-50-e, ZPM-51-a, ZPM-51-e, NI-50-2;redukcija;1;ZPM-51-d, ZPM-51-e, NI-51-2;;2;;NI-51-1;0;;;0;;
13;ZPM/NI;Vjeronauka;B;7;V11;Željeti drugima isto što i sebi;Ne;;Da;život ZPM-52-a, ZPM-53-a, odgovornost ZPM-53-a, ZPM-54-a, ZPM-54-b, solidarnost ZPM-54-a ;Da;pobožnost ZPM-54-a, ZPM-54-b ;redukcija ZPM-54-a, ZPM-54-b;1;ZPM- 54-g, NI-54-2;;1;;ZPM-53-b,  ZPM-54-c, ZPM-54-d, ZPM-54-e;0;;;0;;
14;ZPM/NI;Vjeronauka;B;7;V11;Džamija - srce džemata;Ne;;Da;život ZPM-55-a, ZPM-56-d, saradnja  ZPM-56-a, odgovornost ZPM-56-b, solidarnost ZPM- 56-b, ZPM- 57-a, jednakost ZPM-56-c;Da;pobožnost ZPM-55-a, ZPM-56-a, ZPM-56-b, ZPM-56-c, ZPM-56-d, NI-56-2;redukcija ZPM-55-a, ZPM-56-a, ZPM-56-b, ZPM-56-c, ZPM-56-d;0;ZPM-57-a, ZPM-58-b ;;2;;NI-57, NI-58 ;2;;NI-55-1, NI-55-2;0;;
15;ZPM/NI;Vjeronauka;B;7;V11;Allah je uz iskrene;Ne;;Da;život ZPM-59-a, odgovornost ZPM-60-c, ZPM-60-d, saradnja, solidarnost ZPM-62-c, ZPM-62-d, iskrenost NI-60-2;Da;pobožnost ZPM-60-c, NI-61;redukcija ZPM-60-c;2;ZPM-60-a, ZPM-63-a;NI-62-2, NI-62-3 ;2;;NI-60-1, NI-62-1, NI-63-1, NI-63-2;0;;;0;;
16;ZPM/NI;Vjeronauka;B;7;V11;Strpljenjem do uspjeha;Ne;;Da;odgovornost ZPM-64-a, život ZPM-65-a;Da;pobožnost  ZPM-65-a, ZPM-65-b;redukcija ZPM-65-a, ZPM- 65-b ;0; ZPM-66-a, ZPM-66-c;;2;;NI-66;0;;;0;;ZPM-64-b
17;ZPM/NI;Vjeronauka;B;7;V11;Muhammed a.s., oživljava ljubav prema djeci;Ne;;Da;jednakost ZPM-67-b, ZPM-69-a, solidarnost ZPM-67-c, NI-69-2, odgovornost ZPM-68-a, ZPM-69-d, ZPM-70-a, ZPM-70-b, ZPM-70-c, ZPM-70-d, ZPM-70-e, ZPM-71-a, ZPM-71-b, ZPM-71-c, ZPM-71-d, ZPM-71-e, život NI-68-1,  NI-69-1, ZPM-69-b;Da;pobožnost ZPM-67-c, ZPM-69-b, ZPM- 69-c,  ZPM-70-a, patrijarhat ZPM-70-d, ZPM-70-e ;redukcija ZPM-67-c, ZPM-69-b, ZPM-70-a;1;ZPM-68-b, ZPM-71-h, NI-71-5;;1;ZPM-71-i, ZPM-71-k, ZPM-71-l, ZPM-72-a, ZPM-72-b;NI-68-2;1;ZPM-71-d, NI-71-3 ;NI-67-1;0;;
18;ZPM/NI;Vjeronauka;B;7;V11;Pred kraj dana zahvalimo se Allahz dž.š. ;Ne;;Da;saradnja ZPM-76-a, ZPM-76-b, odgovornost ZPM-78-b, ZPM-78-c, ZPM-78-d;Ne;;;0;ZPM-78-a, ZPM-78-e ;;2;;NI-74-1, NI-74-2, NI-78-1;1;ZPM-76-a, ZPM-76-b;;0;;
19;ZPM/NI;Vjeronauka;B;7;V11;Propisuje vam se post;Ne;;Da;život ZPM-79-a, ZPM-80-a,  ZPM-80-b, solidarnost ZPM-81-a, ZPM-81-b, ZPM-81-c, ZPM-81-f, mir  ZPM-81-b, odgovornost ZPM-81-f, saradnja NI-81-3;Da;pobožnost ZPM-79-a, ZPM-80-a, ZPM-80-b;redukcija ZPM-79-a, ZPM-80-a, ZPM-80-b ;2;;NI-79, NI-80-1, NI-82-2, ;2;;NI-82-1;1;ZPM-81-a, ZPM-81-b  ;;0;;
20;ZPM/NI;Vjeronauka;B;7;V11;Izazovi posta;Ne;;Ne;;Ne;;;0;;;2;NI-86-2;NI-84, NI-86-1,;0;;;0;;
21;ZPM/NI;Vjeronauka;B;7;V11;Obilje ramazanskih darova;Ne;;Da;solidarnost ZPM-87-a, ZPM-88-b, saradnja ZPM-87-b, život ZPM-88-a, odgovornost ZPM- 88-c, NI-88-1;Da;pobožnost ZPM-87-a, ZPM- 87-b, ZPM-88-a, ZPM-88-b, ZPM-88-c;redukcija ZPM-87-a, ZPM-87-b, ZPM-88-a ;0;ZPM-88-d, ZPM-89-a, ZPM- 90-a, ZPM-90-b;;2;;NI-89;2;; NI-87-1;2;;NI-87-2
22;ZPM/NI;Vjeronauka;B;7;V11;Odazivam ti se, Bože;Ne;;Ne; ;Ne;;;0;;;2;;NI-93-1, NI-95-1;2;; NI-95-2;0;;
23;ZPM/NI;Vjeronauka;B;7;V11;Jedinstvo i jednakost;Ne;;Da;saradnja ZPM-96-a, ZPM- 96-b,  ZPM-97-a, ZPM-97-b, ZPM-97-c, jednakost ZPM-97-d, ZPM-97-e, ZPM-97-f, ZPM-97-g, NI-96-1, mir ZPM-97-e;Da;pobožnost ZPM-96-a, ZPM-97-b, ZPM-97-d, ZPM-97-f, NI-96-2, NI-98-2, patrijarhat ZPM-97-g;redukcija ZPM-96-a, ZPM-96-b, ZPM-97-a, ZPM-97-b, ZPM-97-c, ZPM-97-d, ZPM-97-g, mistifikacija ZPM-97-g ;1;ZPM-98-a, ZPM-98-b, ZPM-98-d, ZPM-98-e, NI-97-2;;2;;NI-97-1, NI-98-1;0;;;0;;
24;ZPM/NI;Vjeronauka;B;7;V11;Žrtva koja približava Bogu;Ne;;Da;solidarnost ZPM-100-h  ;Ne;;;1;ZPM-100-b, ZPM-100-c, ZPM-100-g, NI-102-3;;2;;NI-102-2;2;ZPM-100-b, NI-101, NI-102-1;;0;;
25;ZPM/NI;Vjeronauka;B;7;V11;Koliko smo pravedni;Ne;;Da;jednakost  ZPM-103-a, ZPM-104-d, ZPM-104-f, odgovornost ZPM-103-b, ZPM-103-c, ZPM-104-b, ZPM-104-d, ZPM-104-e,ZPM-104-f, NI-105-1, pravednost NI-105-4, NI-105-5;Da;pobožnost ZPM-103-b, ZPM-105-b, porijeklo ZPM-105-c, ZPM-105-d, patrijarhat ZPM-105-f ;redukcija ZPM-103-b, ZPM-105-a, ZPM-105-b, ZPM-105-c, ZPM-105-d, ZPM-105-f, ZPM-105-g, ZPM-105-h;1;ZPM-106-b ;NI-105-2, NI-105-3 ;1;;ZPM-104-c, ZPM-104-d, ZPM-106-a, ZPM-106-c, ZPM-106-d, NI-105-5;2;;NI-103 ;0;;
26;ZPM/NI;Vjeronauka;B;7;V11;Sve se dešava sa razlogom;Ne;;Ne;;Ne;;;2;;NI-109-2 ;2;;ZPM-110- b, ZPM-110-d, ZPM-110-e,ZPM-110-f, NI-108, NI-109-1, NI-110-1;2;;NI-107;0;;
27;ZPM/NI;Vjeronauka;B;7;V11;Život u ljubavi i slobodi;Ne;;Da;solidarnost ZPM-111-b, sloboda ZPM-111-c, ZPM-112-a, NI-113-2, jednakost ZPM-113-c;Da;pobožnost NI-113-3, teritorij NI-113-4;redukcija, mistifikacija;0;;;2;ZPM-113-r;NI-112-1, NI-112-2, NI-112-3, NI-112-4, NI-114 ;2;;;0;;
28;ZPM/NI;Vjeronauka;B;7;V11;Iz vrela mudrosti;Ne;;Da;život ZPM-115-a,  jednakost ZPM-117-a, odgovornost NI-117-1;Da;pobožnost NI-117-5;redukcija;2;ZPM-117-g, ZPM-117-h;NI-115-2, NI-116-1, NI-116-2, NI-117-2;1;ZPM-117-f, NI-117-4;NI-117-3;1;;NI-115-1;0;;
29;ZPM/NI;Vjeronauka;B;7;V11;Blagodati lijepog postupka;Ne;;Da;život, odgovornost, saradnja, solidarnost, NI-119-4, NI-119-2, ZPM-118-a, ZPM-118-c, ZPM-118-b;Da;pobožnost ZPM-118-b, ZPM-119-d, ZPM-119-i;redukcija ZPM-118-b, ZPM-119-d, ZPM-119-i;1;ZPM-120-a, ZPM-120-j, NI-120-4;NI-119-3;1;ZPM-120-F, ZPM-120-h;NI-120-1, NI-120-3;0;;;0;;
30;ZPM/NI;Vjeronauka;B;7;V11;govor nas predstavlja;Ne;;Da;odgovornost, saradnja, mir ZPM-121-a, ZPM-121-b, ZPM-122-f, ZPM-122-e, ZPM-123-, ZBM-123-b, ZPM-123-c, ZPM-123-e, NI-124-1, ZPM-122-d;Da;pobožnost, patrijarhat ZPM-122-a, ZPM-122-d, ZPM-122-e, ZPM-122-f, ZPM-124-c;redukcija ZPM-122-a, ZPM-122-e, ZPM-122-d, ZPM-122-f;2;;NI-123-2, NI-124-3;1;ZPM-122-c, ZPM-124-g;NI-122-1, NI-124-4;0;ZPM-122-a, ZPM-124-i;;0;;
31;ZPM/NI;Vjeronauka;B;7;V11;Riječi koje nas nadahnjuju;Ne;;Da;odgovornost, mir, saradnja ZPM-125-a, ZPM-125-b, ZPM-125-d, ZPM-125-c;Ne;;;1;ZPM-127-a, ZPM-127-b, ZPM-128-a;;1;ZPM-127-c, ZPM-127-d, ZPM-128-b, ZPM-128-c;NI-126-1, NI-127-1, NI-128-1;2;;NI-126-2;0;;
32;ZPM/NI;Vjeronauka;B;7;V11;Zloupotreba govora;Ne;;Da;odgovornost, saradnja ZPM-129-a, ZPM-129-b, ZPM-130-b, ZPM-132-a;Da;pobožnost ZPM-132-a;redukcija ZPM-132-a;1;ZPM-130-a, NI-132-3;;2;ZPM-132-f;NI-130-1, NI-130-2, NI-132-2;0;ZPM-132-g;;0;;
33;ZPM/NI;Vjeronauka;B;7;V11;Islam rađa novu kulturu;Da;nejednakost, ekskluzivizam ZPM-136-a, ZPM-135-d;Ne;;Ne;;;0;ZPM-136-c;;2;;NI-134-2, NI-136-3;2;;NI-135-3, NI-133-4;0;;
34;ZPM/NI;Vjeronauka;B;7;V11;Allah je lijep i voli ljepotu;Ne;;Ne;;Ne;;;2;ZPM-137-c, ZPM-139-c, ZPM-139-e;NI-139-1;2;ZPM-139-d;NI-137-2, NI-139-2, NI-139-3;0;;;0;;
35;ZPM/NI;Vjeronauka;B;7;V11;Umjetnost koja veliča Boga;Ne;;Da;život, mir ZPM-140-a;Ne;;;2;ZPM-143-a;NI-143-1;2;;NI-141-2;2;;NI-149-1, NI-149-2, NI-149-3, NI-150-2;0;;
36;ZPM/NI;Vjeronauka;B;7;V11;Radujte se uspjehu;Ne;;Ne;;Ne;;;0;;;0;;;0;;;0;;
1;ZS/ZPM;Vjeronauka;H;6;V2;Uvod;Ne;;Da;sloboda, odgovornost  ZS-5-a, ZS-5-c;Da;pobožnost ZS-5-b;ignorancija ZS-5b;0;;;0;;;0;;;0;;
2;ZS/ZPM;Vjeronauka;H;6;V2;Suvremene situacije ropstva i ovisnosti;Ne;;Da;život, sloboda, jednakost, odgovornost, solidarnost  ZPM-7-a, ZPM-7-b, ZPM-7-c, ZPM-8-b, ZPM-8-d, ZPM-9-a, ZPM-7-d, ZPM-9-b, ZPM-8-c, ZPM-8-f, ZPM-8-g, ZPM-9-c;Da;pobožnost ZPM-8-d, ZPM-8-f;redukcija, mistifikacija ZPM-8-d, ZPM-8-f;1;ZPM-7-a, ZS-9-d;;1;ZPM-9-e;;1;ZPM-9-a, ZPM-9-d;;2;ZPM-13-a, ZPM-13-b;ZPM-8-a, ZPM-9-a
3;ZS/ZPM;Vjeronauka;H;6;V2;Sloboda izvire iz prave ljubavi;Ne;;Da;sloboda, jednakost, odgovornost, solidarnost  ZS-10-a, ZS-11-a, ZS-11-b, ZS-13-d, ZPM-11-d, ZS-12-c, ZS-14-e;Da;prošlost,  tradicija,  pobožnost ZS-10-a, ZPM-10-c, ZPM-11-b, ZPM-11-c, ZPM-11-f, ZPM-11-g, ZPM-11-a, ZPM-11-b, ZPM-11-c;imputacija, redukcija ZS-10-a, FPM-11-c, FPM-11-f, FPM-11-g, FPM-11-a;1;ZS-13-a, FPM-10-a, ZPM-10-b, ZPM-13-f, ZPM-13-g;;1;ZPM-11-d, ZPM-11-e, ZPM-13-h, ZPM-13-i, ZPM-13-j, ZPM-13-k, ZPM-13-l;;1;ZPM-13-a, ZPM-13-b;;2;;ZPM-10-d, ZPM-11-d
4;ZS/ZPM;Vjeronauka;H;6;V2;Božji poziv i nalog - Mojsije vodi narod u slobodu;Ne;;Da;sloboda  ZPM-15-a, ZPM-15-b, ZPM-20-a;Da;pobožnost ZPM-15-a, ZPM-15-b;redukcija ZPM-15-a, ZPM-15-b, ZPM-20-a;0;ZPM-22-b, ZPM-22-c;;1;ZPM-22-d, ZPM-22-e;;1;ZPM-22-a, ZPM-22-c, ZS-22-b;;1;ZPM-16-c, ZPM-16-d;
5;ZS/ZPM;Vjeronauka;H;6;V2;Božja ljubav i pomoć - Bog u pustinji hrani svoj narod;Ne;;Ne;;Ne;;;1;ZPM-23-a, ZPM-26-b, ZPM-26-c;;2;ZPM-26-d;ZS-26-b;0;ZPM-23-d, ZPM-25-a ;;0;;
6;ZS/ZPM;Vjeronauka;H;6;V2;(Krivnja i oprost - Savez na Sinaju;Ne;;Da;sloboda, život, odgovornost, saradnja, mir, solidarnost  ZPM-27-b, ZPM-30-a, ZPM-28-a, ZPM-30-b, ZPM-28-b;Da;pobožnost;redukcija ZPM-27-b, ZPM-28-a, ZPM-28-b, ZPM-28-c, ZPM-30-a, ZPM-30-b, ZPM-31-c, ZPM-31-d, ZPM-31-f;1;ZPM-27-a, ZPM-31-c, ZPM-31-e, ZPM-31-f;;2;ZPM-31-d;ZS-31-c;1;ZS-28-b, ZPM-31-a;;0;;
7;ZS/ZPM;Vjeronauka;H;6;V2;Čovjek između težnje za slobodom i izazova robovanja;Ne;;Da;solidarnost, odgovornost, jednakost, sloboda  ZS-35-a, ZS-35-b, ZPM-33-c, ZPM-33-e, ZPM-33-h, ZPM-35-c, ZPM-34-a, ZPM-34-c, ZPM-33-b, ZPM-35-f, ZPM-35-d;Da;pobožnost ZPM-33-d, ZPM-34-a, ZPM-35-c, ZPM-35-d, ZPM-35-e, ZPM-35-f; mistifikacija, redukcija ZPM-33-d, ZPM-34-a, ZPM-34-b, ZPM-34-c, ZS-35-b, ZS-35-c;1;ZPM-33-a, ZPM-35-f, ZPM-35-g, ZPM-35-e, ZS-35-d;;1;ZPM-33-b, ZPM-35-h, ZPM-35-i;;1;ZPM-35-a, ZPM-35-e, ZPM-35-f, ZPM-35-g;;0;;
8;ZS/ZPM;Vjeronauka;H;6;V2;Isusove riječi i djela;Ne;;Da;pravda, sloboda, život, solidarnost, odgovornost  ZPM-36-b, ZPM-37-b, ZPM-37-d, ZPM-39-a;Da;pobožnost; redukcija,  mistifikacija ZPM-36-b, ZPM-39-a, ZPM-41-c, ZPM-41-d, ZPM-41-e, ZPM-41-f, ZPM-41-g;1;ZPM-36-a, ZPM-36-b, ZPM-41-a, ZPM-41-b, ZPM-41-c, ZPM-41-c, ZPM-41-d;;0;;;0;ZPM-39-a;;2;;ZPM-39-b
9;ZS/ZPM;Vjeronauka;H;6;V2;Tajne Božjeg služenja - Posljednja večera;Ne;;Da;solidarnost, saradnja, jednakost  ZPM-42-a, ZPM-43-b, ZPM-44-a, ZPM-44-b, ZPM-43-a;Da;pobožnost;redukcija ZPM-42-a, ZPM-43-a, ZPM-43-b, ZPM-44-e, ZPM-44-f, ZPM-44-g, ZPM-44-h;1;ZPM-44-d, ZPM-44-e;;1;ZPM-44-c, ZPM-44-f, ZPM-44-g, ZPM-44-h;;1;ZPM-44-b;;0;;
10;ZS/ZPM;Vjeronauka;H;6;V2;Ljuba koja oslobađa - Muka, smrt i uskrsnuće;Ne;;Da;odgovornost, jednakost  ZS-49-a, ZPM-47-a;Da;pobožnost;redukcija  ZPM-47-a, ZPM-48-a, ZPM-48-b, ZPM-48-c, ZPM-48-d, ZPM-48-e, ZPM-48-f;1;ZPM-45-a, ZPM-48-a, ZPM-48-b, ZPM-48-c, ZPM-48-d, ZPM-48-f;;1;ZS-48-b;ZS-48-a;1;ZPM-49-a;;0;;
11;ZS/ZPM;Vjeronauka;H;6;V2;Crkva - zajednica Isusovih učenika;Ne;;Da;solidarnost, život, saradnja, odgovornost  ZPM-51-a, ZPM-51-b, ZPM-51-c, ZPM-52-b, ZPM-52-a, ZPM-53-d, ZPM-53-e, ZPM-53-f, ZPM-53-g, ZPM-53-h, ZPM-53-i, ZPM-53-m;Da;pobožnost;redukcija  ZPM-51-a, ZPM-51-b, ZPM-51-c;1;ZPM-53-a, ZPM-53-k, ZPM-53-l;;2;ZPM-50-a, ZPM-53-a, ZPM-53-b, ZPM-53-d, ZPM-53-e, ZPM-53-f, ZPM-53-g, ZPM-53-h, ZPM-53-i, ZPM-53-j, ZPM-53-lj, ZPM-53-m;;0;ZPM-53-A;;0;;
12;ZS/ZPM;Vjeronauka;H;6;V2;Pastiri Kristove Crkve;Da;neravnopravnost ZPM-54-a, ZPM-54-b;Ne;;Ne;;;1;ZPM -57-b, ZPM-57-c, ZPM-57-d;;2;;;0;;;1;ZPM-57-a;
13;ZS/ZPM;Vjeronauka;H;6;V2;Redovnici i redovnice u Crkvi;Ne;;Da;solidarnost, odgovornost  ZPM-59-a, ZPM-59-b, ZS-58-c;Da;pobožnost;redukcija ZPM-59-a, ZPM-59-b, ZPM-59-e, ZPM-59-d;1;ZPM-59-d;;2;ZPM-59-e;ZS-59-b;0;ZS-59-a;;0;;
14;ZS/ZPM;Vjeronauka;H;6;V2;Vjernici laici u Crkvi;Ne;;Da;jednakost, solidarnost, mir ZPM-60-a, ZPM-61-a, ZPM-61-b;Da;pobožnost ZS-60-a, ZS-60-b;redukcija ZPM-60-a, ZPM-61-a, ZPM-61-b, ZPM-61-c, ZPM-61-e;1;ZPM-61-d, ZPM-61-e, ZS-61-c;;0;;;0;;;0;;
15;ZS/ZPM;Vjeronauka;H;6;V2;Svijetle i tamne strane Crkve u srednjem vijeku;Ne;;Da;mir, saradnja, solidarnost, odgovornost  ZPM-63-b, ZPM-63-c, ZS-63-a, ZPM-66-a, ZPM-66-b, ZPM-68-a, ZPM-67-a, ZPM-67-b, ZPM-69-a, ZPM-69-d;Da;prošlost, pobožnost ZS-68-a, ZS-63-a;indukcija, relativizacija, mistifikacija, redukcija  ZS-68-a, ZPM-63-b, ZPM-67-a, ZPM-68-a, ZPM-69-a, ZPM-69-b, ZPM-69-d;1;ZPM-63-a, ZPM-69-e, ZPM-69-f, ZPM-69-g;;1;ZPM-69-h, ZPM-69-j, ZPM-69-f;;0;;;1;ZPM-63-b, ZPM-63-c, ZPM-69-a, ZPM-69-b;
16;ZS/ZPM;Vjeronauka;H;6;V2;Rascjep Zapadne crkve i njezina obnova;Da;pluralizamkaoproblem ZPM-70-b, ZPM-73-c;Da;solidarnost, sloboda, odgovornost  ZS-72-a, ZPM-70-a;Da;pobožnost;mistifikacija, imputacija  ZPM-70-a, ZPM-73-f;1;ZPM-73-b, ZPM-73-c;;1;ZPM-73-d, ZPM-73-d, ZPM-73-f, ZS-73-a;;1;ZPM-73-c;;2;;ZPM-70-b
17;ZS/ZPM;Vjeronauka;H;6;V2;Novo lice Crkve u 20. stoljeću;Da;pluralizamkaoproblem, sukob ZPM-74-a, ZPM-74-b;Da;solidarnost, mir, saradnja, jednakost, život, odgovornost  ZPM-74-d, ZPM-74-e, ZPM-75-b, ZPM-74-f, ZPM-74-h, ZPM-74-i, ZPM-74-j, ZPM-74-k, ZPM-75-a ;Da;pobožnost;redukcija, mistifikacija ZPM-74-d, ZPM-74-e, ZPM-75-c, ZPM-75-d, ZPM-74-f, ;1;ZS-75-d;;1;ZPM-75-C, ZPM-75-f;;1;ZPM-76-a;;0;;
18;ZS/ZPM;Vjeronauka;H;6;V2;Sedam sakramenata;Da;neprijateljstvo ZS-80-c;Ne;;Ne;;;0;ZPM-77-a, ZPM-80-b;;2;ZPM-80-c;ZS-80-b;1;ZPM-80-a;;0;;
19;ZS/ZPM;Vjeronauka;H;6;V2;Sakramenti kršćanske inicijacije;Da;pluralizamkaoproblem ZPM-83-a;Da;sloboda, život, saradnja, odgovornost  ZPM-81-a, ZS-83-a, ZPM-85-a ;Da;pobožnost ZS-83-a;redukcija ZPM-85-b, ZS-83-a;1;ZPM-81-a, ZPM-81-b, ZPM-86-a, ZPM-86-b, ZPM-86-c, ZPM-86-d, ZPM-86-e;;2;;ZS-86-c;0;;;1;ZPM-82-a, zs-86-B;
20;ZS/ZPM;Vjeronauka;H;6;V2;Crkvene zgrade;Ne;;Ne;;Ne;;;1;ZPM-88-a, ZPM-91-a, ZPM-91-b, ZPM-91-c;;2;;ZS-88-a, ZS-90-b;1;ZPM-91-a, ZPM-91-b;;0;;
21;ZS/ZPM;Vjeronauka;H;6;V2;Liturgijski predmeti, jezici i glazba;Ne;;Ne;;Ne;;;1;ZPM-92-a, ZPM-94-f, ZPM-94-g;;1;ZPM-94-f;;1;ZPM-94-e;;1;ZPM-93-a, ZPM-93-b, ZPM-93-c, ZPM-94-d;
22;ZS/ZPM;Vjeronauka;H;6;V2;Kršćanski simboli i kratice;Da;pluralizamkaoproblem, sukob ZPM-98-a, ZPM-98-a;Da;jednakost  ZPM-95-c;Da;pobožnost;redukcija ZPM-95-c, ZPM-95-b;1;ZPM-95-a, ZPM-97-d;;2;;ZS-97-a, ZS-97-b;0;ZPM-97-a, ZPM-97-b;;1;ZPM-95-b, ZPM-95-d, ZPM-95-e, ZPM-95-f, ZPM-97-a;
23;ZS/ZPM;Vjeronauka;H;6;V2;Upoznajmo Mariju iz Jevanđelja;Ne;;Ne;;Ne;;;1;ZPM-99-a, ZPM-102-a, ZPM-102-b, ZPM-102-c, ZPM-102-d;;0;;;1;ZPM-102-d;;0;;
24;ZS/ZPM;Vjeronauka;H;6;V2;Glavni Marijini blagdani i molitve;Ne ;;Ne;jednakost, saradnja;Da;pobožnost;redukcija;0;;;2;;ZS-106-d;1;ZPM-106-a, ZPM-106-e;;2;;ZPM-106-a
25;ZS/ZPM;Vjeronauka;H;6;V2;Rimski biskup;Ne;;Da;odgovornost  ZPM-109-a;Da;prošlost;relativizacija, insinuacija, redukcija;1;ZPM-108-a, ZPM-111-b, ZPM-111-c, ZPM-111-e;;1;ZPM-111-d;;1;ZPM-111-e, ZPM-111-f;;0;;
26;ZS/ZPM;Vjeronauka;H;6;V2;Život redovnika i redovnica;Da;pluralizamkaoproblem, represija ZPM-115-a;Da;odgovornost, solidarnost  ZPM-113-a, ZPM-113-b, ZPM-116-a, ZPM-116-b;Da;pobožnost ;redukcija ;1;ZPM-116-a, ZPM-116-f;;0;;;1;ZPM-116-a, ZPM-116-f;;2;;ZPM-116-c, ZPM-116-d
27;ZS/ZPM;Vjeronauka;H;6;V2;Crkveno graditeljstvo;Ne;;Ne;;Ne;;;1;ZPM-120-a, ZPM-120-b, ZPM-120-c;;0;;;1;ZPM-120-a, ZPM-120-c;;0;;
1;ZS/NI;Vjeronauka;B;9;V13;Bože osnaži me;Ne;;Ne;;Ne;;;2;;ZS-7-a, ZS-9-b, ZS-10-a;1;ZS-10-c,NI-7-1, NI-8-1, NI-8-2;;2;;NI-6-a;0;;
2;ZS/NI;Vjeronauka;B;9;V13;Dova, moje najjače oružje;Ne;;Ne;;Ne;;;2;;ZS-12-b;2;NI-12-3;ZS-15-b, ZS-15-a, NI-12-1, NI-12-2, NI-14-4;0;;NI-11-1, NI-11-2;0;;
3;ZS/NI;Vjeronauka;B;9;V13;Oslonac koji imam i kada svi drugi nestanu;Ne;;Ne;;Ne;;;1;NI-18-1, NI-18-2;;2;NI-17-2;NI-17-1, NI-20-a, ZS-20-b;2;;NI-17-3;0;;
4;ZS/NI;Vjeronauka;B;9;V13;Put ka samostalnosti;Ne;;Ne;;Ne;;;1;ZS-23-a, ZS-24-a, ZS-24-b, ZS-24-d;;1;ZS-22-a, ZS-24-c, ZS-25-a, ZS-25-b;;0;;;0;;
5;ZS/NI;Vjeronauka;B;9;V13;Moja sklonosti – Allahovi darovi;Ne;;Da;odgovornost  ZS-27-a;Ne;;;1;NI-28-3, NI-29-4, NI-30-5, ZS-31-b;;1;ZS-28-1, ZS-29-2, ZS-30-3, NI-27-2;NI-26-2, NI-27-1;1;ZS-31-c;NI-26-1;2;;NI-31-3
6;ZS/NI;Vjeronauka;B;9;V13;Druženje i prijateljstvo;Ne;;Da;jednakost, solidarnost, odgovornost, prijateljstvo ZS-33-b, ZS-34-a, NI-32-1, NI-33-5;Da;pobožnost ZS-34-b, NI-33-6;redukcija ZS-34-b;1;NI-33-4;;2;;NI-33-1, NI-33-2, NI-33-3, NI-33-7. NI-34-4;0;;;0;;
7;ZS/NI;Vjeronauka;B;9;V13;Dobro je moj izbor – Čovjek sa tri života;Ne;;Da;odgovornost ZS-36-a;Ne;;;1;ZS-37-b, ZS-39-b, ZS-39-c, NI-39-1, NI-39-2;;2;ZS-39-d, ZS-39-a,NI-37-2;NI-37-3, NI-38-1;2;;NI-37-5;0;;
8;ZS/NI;Vjeronauka;B;9;V13;Smisao života;Ne;;Da;odgovornost ZS-41-b;Da;pobožnost;;2;ZS-43-b, NI-41-2;ZS-41-c, ZS-43-a, NI-41-6;2;;NI-41-1, NI-41-3, NI-41-5, NI-43-1;2;;NI-41-4;0;;
9;ZS/NI;Vjeronauka;B;9;V13;Bosansko susretanje sa islamom;Ne;;Ne;;Ne;;;2;;NI-47-3;2;;ZS-45-a, NI-44-2, NI-46-1, NI-46-2;2;;NI-44-3, NI-44-4, NI-45-2;0;;
10;ZS/NI;Vjeronauka;B;9;V13;Ahdnama – bosanska karta slobode;Ne;;Da;život, sloboda, saradnja, solidarnost, jednakost  ZS-48-a, ZS-49-a, ZS-49-c, ZS-50-a;Ne;;;1;ZS-50-b, NI-49-3;;2;ZS-50-c;ZS-49-b, ZS- 50-b ;1;NI-48-1;NI-49-1;0;;
11;ZS/NI;Vjeronauka;B;9;V13;Islam i identitet Bošnjaka;Da;neravnopravnost NI-52-5;Ne;;Ne;;;2;;NI-52-2, NI-54-2, NI-55-1;2;;NI-52-1, NI-52-8, NI-53-1, NI-54-1;2;;NI-52-3, NI-52-4, NI-52-5, NI-52-6, NI-52-7, NI-53-2, NI-53-3, NI-53-4;2;;NI-55-2, ZS-51-a
12;ZS/NI;Vjeronauka;B;9;V13;Zajednički život traži kompromise;Ne;;Da;saradnja, sloboda, mir  NI-57-4;Ne; porijeklo NI-57-4;imputacija;1;ZS-57-c;;2;NI-57-3;NI-57-2;0;;NI-57-1;0;;
13;ZS/NI;Vjeronauka;B;9;V13;Težnja za zavičajem;Ne;;Da;mir  ZS-59-b;Ne; porijeklo NI-60-2;mistifikacija;2;;NI-60-3, ZS-59-a;2;;NI-59-1, NI-60-1, NI-61-1, ZS-60-d;2;;NI-59-2, NI-59-4;2;;NI-60-2
14;ZS/NI;Vjeronauka;B;9;V13;Moralne vrijednosti;Ne;;Da;sloboda NI-63-2;Ne;;imputacija, relativizacija;2;;NI-65-3;2;;NI-63-1, NI-64-1;0;;;0;;
15;ZS/NI;Vjeronauka;B;9;V13;Čestitost i ljudskost;Ne;;Da;odgovornost  NI-67-5;Ne; pobožnost NI-67-4;redukcija;2;NI-68-2;ZS-67-a;2;NI-67-1;NI-67-2, NI-68-1, ZS-69-c;0;NI-67-3;;2;;ZS-68-b
16;ZS/NI;Vjeronauka;B;9;V13;Moja iskustvo vrline;Ne;;Da;odgovornost, jednakost, život, solidarnost  NI-70-1, NI-71-2, NI-72-4, NI-72-8;Ne;pobožnost NI-72-5;redukcija;1;NI-72-1, NI-73-2, ZS-73-b, ZS-73-c;;2;NI-72-3;ZS-73-a, NI-72-2;1;ZS-72-e;NI-72-6, NI-72-7;0;;
17;ZS/NI;Vjeronauka;B;9;V13;Sve je stvoreno u paru;Ne;;Da;odgovornost  ZS-75-a;Ne;;;1;ZS-75-c, ZS-75-d;;2;ZS-75-e;NI-75-1;2;;NI-74-1, NI-74-2, NI-74-3, NI-74-4;0;;
18;ZS/NI;Vjeronauka;B;9;V13;Težnja ka suprotnom spolu;Ne;;Da;jednakost, ljubav, sloboda  ZS-77-b;Ne;;;1;ZS-78-a, ZS-78-b, ZS-78-a, NI-77-2;;2;NI-78-2;NI-77-1, NI-77-3, NI-78-1, NI-80-1;2;;ZS-80-a;2;;ZS-77-c
19;ZS/NI;Vjeronauka;B;9;V13;Smisao porodičnih odnosa;Ne;;Da;odgovornost NI-81-2;Da;pobožnost  NI-82-2;ignorancija;1;ZS-83-c, ZS-83-b;;2;NI-83-1;ZS-82-a, ZS-83-a;2;;NI-81-1;2;;NI-81-3
20;ZS/NI;Vjeronauka;B;9;V13;Njegovanje porodičnih i rodbinskih veza;Ne;;Da;odgovornost NI-84-1;Da;pobožnost NI-84-2;;1;NI-86-4;;2;;NI-85-1, NI-85-2, NI-86-3;2;;NI-86-1, NI-86-2;0;;
21;ZS/NI;Vjeronauka;B;9;V13;Svijet u kojem živim i ja;Ne;;Ne;;Ne;;;1;NI-88-2, NI-88-4, NI-89-5;;2;ZS-89-c;NI-88-1, NI-88-3, NI-88-5;0;;;0;;
22;ZS/NI;Vjeronauka;B;9;V13;Religioznost mladih (Sujevjerje);Ne;;Ne;;Ne;;;1;NI-92-2;ZS-93-a, ZS-94-a;2;;NI-92-1, NI-92-3, NI-94-1, NI-95-3;2;;NI-92-4;0;;
23;ZS/NI;Vjeronauka;B;9;V13;Između dobra i zla;Ne;;Da;sloboda, odgovornost  NI-97-2, NI-97-4;Da;pobožnost NI-97-3;redukcija;1;NI-98-2, NI-99-2;;1;ZS-99-d;NI-97-1, NI-98-1;0;NI-99-1;;2;;ZS-98-a
24;ZS/NI;Vjeronauka;B;9;V13;Ko upravlja mojim životom;Ne;;Ne;;Ne;;;1;NI-102-1, NI-104-3;;2;NI-104-2;NI-101-1, NI-104-1;0;;;2;;
25;ZS/NI;Vjeronauka;B;9;V13;Bosanska kuća;Ne;;Ne;;Ne;;;2;;ZS-108-e;2;;NI-107-1, NI-107-2, NI-107-5, NI-108-2;2;;NI-105-2, NI-107-4, NI-108-1;2;;ZS-108-a, ZS-108-b, NI-105-1, NI-105-3, NI-107-3
26;ZS/NI;Vjeronauka;B;9;V13;Bosansko-muslimanska kultura življenja;Ne;;Da;odgovornost, saradnja, mir  ZS-110-a, ZS-110-b, ZS-112-a;Da;pobožnost NI-112-a;indukcija NI-112-a;1;NI-112-b;;2;;NI-110-c;2;;NI-112-c;0;;
